id,name,stopNumber,latitude,longitude,shelter
001bcd85-b0ed-4c01-91f6-71360e10c4eb,Rue des Vignes E,4362,49.20619345,-2.17884485,
00532836-2b53-4f3e-a4a6-d39e8fc2e0e5,Five Roads,2637,49.24036579,-2.21945777,
007d9e16-d569-41f6-8e73-a7c2d0af9b7e,Hollydale Estate S,3457,49.20407584,-2.14013649,
00d2d07f-1f50-4836-acad-76a7fd6ceb87,Highfield Lane N,2762,49.20421998,-2.08537087,
010b54f6-b912-41db-b8fc-e328619ca563,Jardin de Devant,2923,49.17622945,-2.04169382,
0110d051-2a6b-4568-8200-f818167e9c06,Havre des Pas E,3496,49.177437,-2.09859688,
012aff83-82cc-49e0-927e-b8cdef800700,Beaulieu School,2376,49.18930487,-2.09561,
02104e61-8704-4d3d-9a3f-4aeb2c655af9,Bagatelle Lane S,2498,49.18892618,-2.08944029,1
02d56b05-6b19-4e26-bbb7-78e0692da6d4,Clos des Champs N,2967,49.21526725,-2.06620168,
0317cd13-1b64-4181-abca-b4624c010f8c,The Windmill W,2483,49.23337349,-2.18311288,
036c1e4a-a427-4213-b563-8eb55cb6f851,Clos Bertram N,2437,49.17660087,-2.03259826,
03a6d359-54ec-456b-8cd9-a0668c158f98,Samares Manor W,3765,49.17341195,-2.07912291,
04c60c75-83bc-4140-8083-a39e4955a42b,La Hougue Farm,2862,49.24891185,-2.22201384,
04dbeec9-a486-4328-b5f9-8291ebb8ed88,Cinq Chenes Estate E,4326,49.1978599,-2.08003581,
051600b5-fd41-40f9-9c1e-e63f7c13c289,Pres d'Auvergne,2975,49.23542193,-2.22914596,
0521e7b2-ab78-4cdc-8424-1f8380368412,Clos de Corvez,3756,49.17373911,-2.05485219,1
05b10bed-06e1-42ed-8f0d-581ab53f2500,Tabor Park E,3858,49.18898848,-2.19330138,1
05bec26d-83e9-4614-b952-4a417f509755,Plat Douet School,3545,49.17936562,-2.08786493,
063fbb13-0a10-409e-96ff-24056cf8b3d8,La Mare des Pres N,4394,49.2464274,-2.11180154,
066ebe14-1330-473f-b0a5-b34e480b435c,Clos de la Rocque,2526,49.16594065,-2.0365913,
06ac05e7-f57e-4d9e-b01d-d30a0ee7701d,Bus Station Stand I,4534,49.18326676,-2.10976097,
06d2db87-2004-4b9f-9b6b-ca4a0d7bb92b,Sion Village N,3725,49.21989034,-2.11449716,
06ebeec6-4087-4eef-8e55-3cec74b891e3,La Fosse N,3687,49.23227915,-2.04328466,
0770043d-cae5-4217-ac48-f9adf492feb8,Rue d'Olive S,3659,49.24530601,-2.16590153,
079db26a-75da-410a-bca5-1de53d601089,Rue Baal,3578,49.18131106,-2.22058487,
07bb419b-68d3-4cae-97c0-892ba3cbf921,Atlantic Hotel W,4246,49.1871152,-2.22593369,
07bd4c98-3bb7-4a27-b90f-aa398a5b6964,Rue de Bechet N,2382,49.22476682,-2.11374756,
07c4a946-995a-44e7-9fbd-1a1b9d09c318,St Ouens Pond N,2398,49.21505004,-2.22491279,
07f5df9e-32a8-4cce-80b7-32bfd4e7f83f,Rue de Bechet S,3638,49.22497469,-2.11377414,
0860040a-330e-4155-8e91-bf134d4e9bd8,Le Rondin,4258,49.23910783,-2.18076984,
086b6901-8dda-42ac-b188-f2b09920a77c,Chateau des Reves N,2492,49.21051246,-2.03678075,
0877e7a5-4a53-4ccb-b816-8e5b44748c9e,St Aubin S,3743,49.18779888,-2.17005371,1
088aaf85-e9ef-41f5-8fe5-b8a37c2e19f1,Pontac Common E,3565,49.1694615,-2.04743715,
08a3d7c9-3355-427b-b8bf-537d23eded49,Ville des Marettes,3967,49.23373236,-2.19845861,
08de93b5-dd37-436d-b121-d088cc59ad39,Colomberie Parade,2525,49.18158673,-2.09975414,
0905d657-fa73-43f8-a7a7-ead17eafbaa8,Le Douet,4632,49.24097291,-2.20491093,
09752bb6-9328-45d7-8961-df10e106d1e1,Spectrum,2598,49.18717114,-2.11169379,
09cd6d9e-4ad5-42d5-9430-6ccd96ec9ee3,St Ouen Garage S,2878,49.22971535,-2.2001232,
0a2f5ed4-8aad-4299-9804-7b694edc8e67,St Martins Arsenal N,3782,49.22797668,-2.06928989,
0a4b6517-9251-4e3f-9144-a49e28d80169,Ransoms S,2648,49.20550071,-2.03236404,
0a92ee4b-de0b-457f-91e0-a08320e045fe,La Nouvelle Croix E,4562,49.23674373,-2.09319544,
0b44bc19-6355-4d85-a972-27e108d49d83,Bagot Manor Avenue E,2535,49.18100801,-2.0879461,
0b67ef10-f86a-4480-a7a8-187e13e7aff4,La Longue Rue W,3785,49.2157165,-2.04445017,
0c780a35-59bb-44b1-8a90-53477dc5c37d,Broadfields N,2823,49.23110901,-2.15483855,
0cf2a8d6-bd7a-4035-adfb-47cfa0c99aff,Cinq Chenes Estate W,4325,49.19755274,-2.07819573,
0d544584-fedf-49b1-9027-0d2f36f3ea0a,Mont Mado E,3459,49.24543318,-2.12506885,
0d567028-a0ca-43f4-b343-93c56bda6bb0,Chestnut Farm,2495,49.19836088,-2.11335437,
0d5e498d-a6e4-4cd6-bd06-70f047d08b14,Le Hocq Slipway W,2953,49.16719155,-2.06167182,1
0d60a1f9-0017-4bd2-8ff6-0efcd13e8ea8,Les Charrieres S,2987,49.22396442,-2.18188688,
0d812d7e-8791-468a-88c3-4035021fb7d8,Pontac Slipway W,3564,49.16932794,-2.05578237,1
0d866fe7-fe9c-431a-b6b2-f4b6b14456a6,Rue des Arbres,2537,49.21106192,-2.1128477,
0de4c9a4-ec0b-4353-b204-d1d14866e181,Clos Le Troquer W,4638,49.21697128,-2.04707867,1
0e3d4247-bedf-4c21-be0a-7727ec34352a,Grasett Park W,3473,49.17726263,-2.08933743,
0e4bbd00-e537-4dd6-8370-b13483d227ac,Grenville Court S,3924,49.1681214,-2.02904057,
0e54ca52-2119-47bb-8e0e-143654cb5c18,Marett Road W,2642,49.17701857,-2.10194045,1
0e5f0532-44b0-4032-99a7-6e3e2fae589a,Quennevais Drive E,3582,49.18904277,-2.20966699,
0ea2c834-56bd-42b2-8baf-569f0553b399,Mont Fallu N,2849,49.2086484,-2.17565153,1
0ea9c6b6-0363-4bb0-ae93-508b0e3c4135,L'Horizon Hotel E,3248,49.18499916,-2.19338102,1
0ec328f3-f14a-4087-a4f8-c3852308809e,St Peters Arsenal S,3438,49.20168695,-2.18024409,
0f25a3f6-5e5f-4797-949f-2ae29195f651,Mont Cantel,3276,49.19412173,-2.10432811,
0f2602ec-16cd-48aa-aa37-886651cbb49c,Victoria Village,3962,49.21648493,-2.08152917,
0f50748b-d48b-4b93-a43a-9428e64d9bc6,La Grange S,3749,49.212883,-2.09712297,
0f6b051d-6460-44a2-b715-58f9f53dfd17,Hougue des Platons W,4272,49.24568784,-2.10153365,
0f9d41f6-2f0c-408b-89de-a602a14bbad1,Le Relais N,4594,49.24057332,-2.24394471,
0fa14641-f935-4af7-9bc4-bda1a9efead1,La Piece Mauger N,2848,49.2246619,-2.06810707,
0fc45d52-a503-4462-bafa-e1ba88a88a45,Aubin Lane,2363,49.17954099,-2.09052237,
0fc5d506-08d4-4322-88b6-a38d6934d5a8,Devonshire Place,4656,49.18705865,-2.10835294,
0fd19938-7322-42e1-b042-24f863f6ecbc,Grenville Court N,2732,49.16837171,-2.02918751,
0fe1a1bf-20ba-4fc4-8779-80507146af95,Gorey Common N,2686,49.19386286,-2.03498921,
0fe942fc-62e0-43b2-9167-746be3817d25,Deloraine Road,2695,49.20279965,-2.09008569,
104196fd-b1e5-4bcd-bcc8-433fbf1fb176,Travers Farm Lane N,3573,49.17994142,-2.17551575,
10823948-3217-4fe1-a7a4-b967cc42d9a8,Seymour Inn S,3696,49.16949809,-2.02982559,1
10a9d459-d031-4598-9901-60d82db2f314,La Maitrerie Farm W,4627,49.22217327,-2.06269028,
10fbdd7d-e868-4c37-849b-e9db4ac62ad2,El Tico N,3258,49.20542395,-2.22210341,
110b84a4-f88a-4a30-9b8c-439b44d67a6b,Belval N,3428,49.22197596,-2.02629594,
11e321ff-54af-48d2-a655-c28963f374e0,St Peters Village S,3835,49.21309429,-2.18237911,1
133e291f-7ff6-481c-9b3d-89ca4ea28be0,Mont des Landes S,4637,49.21215983,-2.02703125,
134618a4-aac9-4ab8-a51c-de06793fa438,Mont des Landes N,4636,49.21229385,-2.02726257,
1359ffa1-05ab-455c-bad2-a415113c6be5,Jubilee Homes,3879,49.21483908,-2.18347206,1
13d30ceb-49a0-40f3-b8b3-059e3faf930d,Causie Lane W,2485,49.17326081,-2.04944736,
1413b418-5eac-4ed0-9ab3-076b40b4dfbd,Rue des Niemes,3528,49.21956245,-2.18839157,
14235dcd-5d4e-41d7-a2d3-0e29dfaf24c9,Le Catillon E,3923,49.20059454,-2.05896445,
142cd079-8082-4e86-9f81-11462a2d6cfa,Castle Quay S,4649,49.18269536,-2.11466105,
14673cf9-527b-4d9c-b61a-f6be2d8b46f0,Maison d'Azette,3273,49.16989966,-2.08422012,
147a41d7-ac5f-441f-afb6-d1585165a22a,St Peters House S,3834,49.22111692,-2.18281113,
15012a17-cfe1-4b0e-9a6a-3d0b91585430,Six Roads E,3728,49.22746944,-2.14969885,
152d824c-aaff-479f-adf9-cb83d3b2b67d,La Croix N,3526,49.23528047,-2.20381783,
154b3edd-90ae-4604-a0f1-970602f39065,Jeffreys Leap W,4254,49.20342998,-2.02064699,
158a43ba-726b-4d50-a830-2daffbd6d81f,Bagot Manor Avenue W,2364,49.18118078,-2.08742501,
15efc603-c16b-4540-84f0-d0b79fbb80ed,Rue de Belin S,3786,49.22035282,-2.04840775,
1668b3ee-2f03-408f-9851-ed56a4f4e0cd,Langford,3957,49.18596954,-2.09517037,1
167374a1-db9b-4ce4-842d-87917e161510,Havre des Pas W,3724,49.17741358,-2.09810192,
16a629ec-d079-4afc-9529-267efbc27c82,Cloverley Court S,2934,49.20810312,-2.03383865,
16b39a2f-a1ce-48ec-a86b-6f79346ce8ba,La Chasse W,2843,49.2336108,-2.19499924,
16bc708d-703b-4cbb-ac19-8fe5819ed96a,Miladi Farm Parade E,2572,49.18322712,-2.08151341,
17545da3-372e-408b-ac60-9896f9bd9d0c,Bonne Nuit Bay E,2434,49.25067628,-2.12105874,
180af5f5-0f91-429f-96d1-f071a645f30a,Hautes Croix Store S,2468,49.23857743,-2.11144612,
1887d421-39c3-4599-9bab-8ac1bbe80411,Corbiere,2545,49.18144015,-2.23824892,1
18a4ed44-56c5-408f-998f-77274c5e2224,Sunnyfields Farm,3269,49.21457183,-2.18343171,
18a5a5a0-89f4-40e5-8968-0fff4a32765e,Verona Stores N,3952,49.1829775,-2.03794995,
18b9066c-5a95-4974-a0d6-0fcfb20437eb,Dessous Les Hougues,3926,49.23544464,-2.22901088,
18ea271d-9c58-4f99-ad7d-f2aa67f36b5c,Rue au Blancq W,3898,49.1717405,-2.07099607,
1945a495-e7bd-4a8f-b4c3-8f2ffdfb11a5,The Powerhouse N,2359,49.19999237,-2.11329449,
195bedb1-e362-480e-ae8e-460f0b2f4002,Rue de la Commune,4596,49.19937022,-2.06782148,
19ab2bbe-0b2f-4011-874e-5d9c8066285e,Poplar Avenue N,3568,49.2106299,-2.06114307,
19d7280e-575e-4f10-a969-ab984e8ed3fe,Sydney Crill Park W,2428,49.16975152,-2.05280761,
19e7b26a-fe1d-4b00-aa5f-a42c7dffd113,Royal Hotel S,4674,49.18867751,-2.10288076,
19fedc85-3cfd-4074-bc8f-28d0588a0623,La Providence W,4282,49.20102224,-2.15273332,1
1aa1870e-64c4-4691-bab6-2d7a74d30106,Route du Francfief N,2853,49.19923888,-2.17892677,
1b6258aa-a8d5-405e-982c-7dc8969b286c,Clos St Andre N,4585,49.19615273,-2.12491449,
1c3d277a-6121-4922-b9e0-a8984f31abc0,Surville Cemetery S,2383,49.21492198,-2.11333836,1
1d7b69be-b939-4342-866b-f13630909dbb,Beach Road E,3482,49.17706849,-2.09642102,
1d862619-cac6-40f7-88ce-92fe11cbc3a6,Maufant Village S,3295,49.20937282,-2.0630935,
1ec69f1c-e6da-4bf6-a9b7-4d022b092894,St Martins Arsenal S,3986,49.2277417,-2.06919606,
1ed0442e-3c5c-4bea-a1ff-033bfcc76f34,Albert Road E,2658,49.17814888,-2.09085598,
1f83cca2-0172-4454-9800-1b6fcabd2448,Gargate N,2649,49.21458397,-2.17101403,
20a86807-22d2-46c4-869c-59ccd621c2a6,Les Croix S,2973,49.23697435,-2.09366096,
21af60ae-9650-4bd0-8473-b3ad027437c5,Eden Chapel,2583,49.20467691,-2.07117195,
22c98edc-eae0-4fd4-a701-aec5e693fc0a,Samares School,3686,49.17084744,-2.08238253,1
23086766-228b-4eda-aada-ae9e47da729a,West Hill,3975,49.20053814,-2.11562257,
233cb7a6-6a9a-405e-8949-1d7d58c13794,Red Houses Shops N,3596,49.19164669,-2.19992099,1
233f26a4-ed31-46a9-a8f3-aa6a42017109,La Maison Slipway N,3257,49.21839786,-2.03004114,
23510373-b452-48b8-8cad-2a7e22058efb,St Catherine,3752,49.22414891,-2.02043794,1
235ee172-5263-4bc2-b999-b0047c02dcd3,Howard Davis Mews,3963,49.18085197,-2.09716332,
23901cc2-0520-41a3-9242-1208738195a9,Church Lane,3784,49.21801016,-2.05161666,
23eb342c-0910-4621-926e-e0db965256d4,Ville de l'Eglise W,4352,49.21227447,-2.18672714,
23fc89db-3681-43d3-93b0-0625325e7a41,King Street,3472,49.18466276,-2.10680959,
24560e8a-932e-4ca1-9b74-5bae215c17e1,aMaizin! Park N,2392,49.22285624,-2.19248557,
24b7dc5e-87f7-40fe-bbd6-723826d11aaf,St Martins Hall W,3658,49.21899497,-2.05335988,
24ce67f0-d553-487a-90bc-cb9a4979398d,Clos des Blanches W,4568,49.17118272,-2.08675419,
24d7d2b0-6fb9-48d7-9510-b6a9cbe51a97,Trinity School S,3935,49.228897,-2.09345172,
24f4c937-4b97-4720-8edd-26b342d36a48,Les Routeurs S,4547,49.202969,-2.07409025,
24fbfcb8-4222-4b7d-b3fe-f617fb666366,Route du Francfief S,3264,49.19921698,-2.17886134,
251da299-79cb-46f5-9012-0b1f666d3ddd,Oxenford Close S,3538,49.22257145,-2.14204544,1
2580b232-b344-490e-9361-a9b775f005be,Highfield Lane S,2627,49.20420491,-2.08529145,
26438ca3-f807-467c-b7ef-5f74e025cc81,Longueville Court W,3865,49.18259181,-2.07494925,
26ae8d1f-41a0-4fb7-ab6d-03970b054049,Parcq du Rivage E,3525,49.19692003,-2.15296903,
26c08015-324f-4d9f-8242-1eae8f845b04,La Mare Wine Estate,4546,49.24582139,-2.16820535,1
2700149b-2d22-4818-8966-44b4cb0c7cf3,Portelet Bay,3574,49.17266891,-2.17298848,1
2703d8db-7724-471e-af52-8014beaff42e,Hautes Croix House,2754,49.23992858,-2.11137042,
2720930c-3b71-40fa-b021-576222a595fb,La Fosse S,2373,49.23230218,-2.04306294,
276f2581-cd5f-44c7-bfea-24f13efe014e,Three Oaks N,3894,49.21925983,-2.14049143,
278aa4f4-4cc6-4dfc-99fc-1ae821b811ff,First Tower E,2632,49.19438162,-2.12769645,1
2797fab2-85aa-4968-bffb-a3de9f81139a,Seven Oaks N,3723,49.18887153,-2.18016103,
2821ab24-d5f7-42be-a268-39979954d94a,Paul Mill S,3876,49.20646311,-2.08419859,
285f9baf-5e3b-4ea8-ba36-1f1257eca830,Georgetown Road E,2657,49.1789807,-2.09265991,
288cc5a9-8bee-40bd-902e-3f5d2376aeea,Mountrow Villas,2978,49.19953492,-2.07887534,
2892ff14-8a79-4fd0-9ddd-bc1c288f6e67,Bus Station Stand H,4532,49.18331174,-2.10985696,
28da98f5-ac20-486d-bd6b-8d82c8b9047d,St Peter Tech Park N,2792,49.21592897,-2.18450214,1
292db697-0a28-4576-9a14-a36bed994e3c,Belmont Road,4672,49.18696385,-2.10020225,
298446a5-1876-4f70-b805-aa511177b945,Le Rocquier School,2424,49.1707026,-2.06720589,
29a446d2-cccb-45e9-ba2d-6a502152413d,Grande Charriere,3623,49.17308061,-2.08897142,1
2a08a184-c36f-4927-834e-01e1c4338882,Jeffreys Leap E,2797,49.20345037,-2.02084265,
2a1524b8-e10d-4db0-a1fb-91d7267dd9c9,St Marys School E,2965,49.23630322,-2.17421667,
2a53ac38-6ea7-431f-8677-53d926593c93,Rue du Cerf E,3672,49.24175844,-2.15518549,
2a68cfb8-45be-40e2-a1cf-f598e52f8778,Marina Cottages,3289,49.20274294,-2.04551501,1
2a75f45c-7a3f-441c-ba25-d871c70a3e3d,Clos de Charriere E,4378,49.17391368,-2.08962501,
2a7efa7a-b913-461f-9827-106f92f9953c,Langley Avenue N,2827,49.19649272,-2.08976125,
2a843ad9-c744-4f25-8745-ee3d0f72dad5,Clos de Longueville,3654,49.1826208,-2.07984389,
2af648ae-2830-43a5-b261-63588fe55a41,Rue de Samares,3682,49.17208998,-2.07404617,
2af84cd9-d5ee-4509-888d-dc1a7a396736,Rue des Cotils,2587,49.20655041,-2.11328828,
2bbbfb86-b5e6-4605-8fa8-034da39dcec1,Trinity Youth Club N,3929,49.23468638,-2.09161438,
2c062058-cbd0-4032-ba78-059e38634fb8,Belval S,2672,49.22197571,-2.02619685,
2c46efd2-031d-47e8-a329-bd9ed6366dea,St Marys Church W,3792,49.23504365,-2.17288969,
2c648e67-fd64-4938-a0e0-8066bf8aa73f,R. J. Showground N,4357,49.23177337,-2.09341407,
2ccc58e0-a235-40b4-9b5f-c422f0f060e3,La Hougue Bie E,2858,49.20091526,-2.06361906,
2ce8238d-3944-47b6-b327-548a4ace701b,Five Mile Avenue S,2369,49.22672149,-2.23064702,
2d2090ea-b99e-40e2-b7f1-15afdfc03132,Jersey War Tunnels,3973,49.20915387,-2.15337938,1
2ddc172e-0f2c-40e9-8b27-86505b6aba78,Le Bu de la Rue,4368,49.21679104,-2.12637137,
2e5d6458-db3c-4685-a283-b580b213df1a,Cannon Street,4654,49.18772851,-2.10948374,
2f014eaf-c737-4a2b-acdc-cd931c96983f,Overdale Hospital,3498,49.19144694,-2.1164537,
2f478a2e-9a87-4ea8-a8c7-97fb43e04be6,Millennium Park S,4675,49.18739633,-2.10255274,
2f7a23ab-25a4-4a04-ba6e-73ed671e63f4,Clinique Pinel,3838,49.20265783,-2.04633938,
3079510d-7150-4415-840a-ac8fc4eaab8a,Rue des Brulees N,4253,49.22558019,-2.09364822,
30b72f34-21f0-432c-a6c7-946e3249dbbe,La Pellerie W,4268,49.24482949,-2.09385175,
30fe486d-71e4-47ca-bff5-30ac4f3b87a2,The Old Forge E,4294,49.24024034,-2.10425547,
3115dc82-fbd4-4eb4-b325-112919d71691,Maufant Village N,3892,49.20950914,-2.06286665,
316c9f07-f1bb-4a42-b57b-86863f32b0e8,Bethlehem Chapel W,2396,49.23504393,-2.17051956,
319401e5-4deb-4a5b-b5d0-4d522937671e,La Pellerie E,3639,49.24486845,-2.0938347,
31be0b4c-4d4d-464b-8061-3efaee51b557,Chemin du Moulin S,2634,49.23295369,-2.23254487,
31d614c0-2960-4671-9b43-012bc47690c4,Rue de la Haye,4592,49.21699519,-2.05303556,
3249c7ca-90c3-4333-9b80-5829d1599957,St Clement Gardens E,3758,49.17490047,-2.08532146,
327468c4-bbda-448e-a07c-e21a8bc00fef,Mont Fallu S,3828,49.20863418,-2.1754933,
327cbbfa-667d-4f83-b4f9-658eafe279a2,Birches Avenue W,2423,49.19613719,-2.08988165,
3292d67c-7683-4f0a-8dcf-8d59316e82bd,St Marys Church E,3794,49.23508337,-2.1729158,1
32b0fa36-68bb-4bc9-8091-6f61ba056c0e,Maison des Landes,3278,49.24444692,-2.24138446,
32b45f20-8bd9-4603-8991-c096b9b460a3,Oaklands Manor,3489,49.21248976,-2.08245297,
32ec33dd-840a-4785-a945-87c102696d5f,Landscape Grove N,4584,49.20110112,-2.12941975,
33440a97-ee4c-435a-92d3-0dbcc0765c56,St Ouen Manor S,2927,49.22490183,-2.19544602,
33b22c33-9bf5-4f8c-b21b-a5b2d0deb30b,La Fantaisie,3649,49.21659762,-2.05901281,
33d1265c-7e47-49d2-850e-37f0c506b7c4,St Saviours Church N,3837,49.19481145,-2.09085756,
33d7e5d6-37b4-4416-9011-25df6a15398d,La Rocque Church N,2897,49.17264315,-2.03108395,
341334b5-54f6-41d7-a729-848136d94714,Jersey Pearl S,3679,49.23088856,-2.23352954,
3445aa25-a654-4519-853f-9dcefca60889,Links Estate N,3262,49.19027007,-2.03873552,
34b0bafd-c01f-485d-8369-794b32220e19,The Mermaid S,3423,49.20468318,-2.18977209,1
34cab2bb-e64f-4be4-bebd-3fe4358fb360,Clos de la Mielle E,2865,49.19407461,-2.16413996,
366d64bf-9022-46b9-a72c-20811507c7e2,Chapel Lane,3763,49.18329022,-2.10021539,
366ffc9a-7397-4a85-83e8-99b1980ae4af,Trinity Youth Club S,4369,49.23492761,-2.09154086,
3685810a-e459-4e09-8c1d-51c429d2bece,St Brelade College W,3747,49.18806812,-2.17569956,
36a20ab6-15f7-4836-9ae9-0cda942ecd08,Anne Port Slipway S,4343,49.20523636,-2.02261693,
36f54b4b-88d0-40aa-b18f-9f48f6204c6a,Le Couvent,4236,49.22206255,-2.12523118,
370459be-42a4-42f8-9f73-d5ac063d709b,Brampton Farm W,2457,49.2348076,-2.19002763,
3715429b-3c88-4467-9f49-64c003eeddba,Rue des Fonds W,3652,49.18587843,-2.04552016,
371db7ea-06e7-4441-abc5-0fdcb3376c66,La Lande E,2626,49.24631515,-2.1060524,
37642575-70b3-4225-867c-c036f85ca4a2,Bel Royal Gardens,2385,49.19818849,-2.14639065,1
38216137-8f3b-4f3f-b34e-7db04dab0660,Ruette de Faldouet E,2928,49.20357945,-2.03335453,
382f3b7d-df10-4246-8ab4-bdc1a712ee5f,La Grande Mielle,4387,49.17983216,-2.03539094,
384b88b4-24df-4142-a6ff-ee4beae8f38e,Le Marais,4392,49.16737164,-2.07930498,1
385a2f8e-495e-414e-bde0-52f2334010e0,Rue d'Egypte E,2584,49.2453339,-2.09881542,
388ecab5-57f5-4903-83a9-c636adbc9a9b,Belle Vue N,3492,49.19753172,-2.19781995,1
38d748a8-e09f-4f08-ab4d-9c2ada162256,Ouaisne Junction S,3572,49.17689057,-2.17311,
3920578e-7e14-4b43-b3b9-b6f739d727f1,Archirondel S,2352,49.21006403,-2.02576896,
3a1553da-23a0-4d3b-8e14-1ff3a966e9bc,Gloster Terrace S,2628,49.19182432,-2.10911979,1
3a299289-3df5-4b0d-bb75-e9c7e3c2f600,St Peters Arsenal N,3827,49.20172676,-2.18031431,
3a8146b9-f7e2-4ba8-bce3-6845a03495b0,Hameau de la Mer W,2784,49.16683593,-2.0398548,1
3a897f1b-0ab6-4cc0-8e22-7ba7348b62a1,St Lawrence Church N,3768,49.21376342,-2.14135075,1
3aa42824-5b5b-4906-bdc0-35c481f4ba03,Midland Stores N,2473,49.20853257,-2.06553301,
3afa4029-1bff-46f0-8b07-3e13fdbea078,Troy Court N,3937,49.19632007,-2.09674513,
3c3b82fb-8b91-45de-8df0-a44c8e4e83c7,Grouville Arsenal W,2346,49.1813584,-2.05987778,1
3c4a2553-d1ce-4d1e-86ed-32487cb735cf,Petit Port Close,3536,49.18410041,-2.22748612,
3c8280cd-f1a9-42e0-9dd6-66406d5a204a,Byron Road N,2749,49.19144264,-2.10284305,
3c91b106-039e-496a-9ee7-226bf3bc603c,Gloucester Street N,3524,49.1877109,-2.11016197,1
3ca524d6-5345-40da-a9b5-c29b9f62e3c5,Patier Road,4373,49.19489723,-2.08602661,
3cda3a43-9d66-4b4e-bc30-e52a15e239cf,The Mermaid N,2474,49.20473926,-2.189935,1
3d3b2446-1e3c-4bf5-9552-e795b93db931,Tunnell Street,2345,49.18798987,-2.09723561,
3d622231-4bfd-47cf-8403-82d23914146b,Les Landes Avenue W,2638,49.18695249,-2.18625971,
3d8fc477-77b3-40ff-bea9-841a846928ce,Grasett Park E,2697,49.17696883,-2.08833135,1
3d90183a-577c-4be4-b8fd-79e68394085a,Jersey Airport,2326,49.20592224,-2.19462701,1
3de1da5c-4dd7-42e1-913f-6dbd70217d60,The Crematorium,2548,49.19332092,-2.11544114,
3e080ec8-00f4-49b5-ba15-c3ebce2845b2,Clos des Champs S,2647,49.21519439,-2.0661214,
3e32072b-f33c-49ef-b67b-a21ae1f1ffe6,The Royal W,3783,49.21788216,-2.05098654,1
3e7e9e5e-c4fd-42e1-bb38-1c20523f2722,Rue du Hucquet E,3274,49.22057976,-2.05765729,
3ea42723-cacb-4d7e-beee-f2aefce07961,Grouville Church W,2742,49.18364814,-2.04985142,
3eb91bbc-5d69-4f67-b1ba-6bb5d20b1c21,Southfork Farm,3735,49.20672871,-2.06576356,
3edf02f9-dde0-43a8-bd7f-a08f282bf740,Hollydale Estate N,2768,49.20422846,-2.14044499,
3fb25223-3bb1-4aaa-a503-dce1ca9663e5,Les Varines E,2597,49.18229975,-2.08462256,
403230f7-f668-44de-8c1f-65015b730bbe,Rue des Pres Estate,3656,49.18186594,-2.07853347,
4101a28d-3cd6-4d64-8db4-062a0ebbe57c,Le Feugerel E,2946,49.18602208,-2.22084668,
4120b5d5-7788-472c-a727-71062380c39e,Mont a l'Abbe Sch S,3454,49.20293843,-2.11365506,1
4130eed9-335e-402d-9623-5e36ce42720a,Clos de Charriere W,4379,49.17397568,-2.08978164,
4138e953-8ce4-4fc5-a225-afb857ea316e,Rue des Camps,2379,49.18295513,-2.22032344,
414bb43c-b5db-4d11-909c-b4ec792adc03,Samares Manor E,3683,49.17347333,-2.07923285,
41da51bb-07b5-4ab6-a623-7723f1c2334a,Radisson Hotel,4652,49.18389613,-2.11511355,
42dd7549-0ee2-4815-a1b9-dabcfa92aec4,Croix au Maitre,2563,49.22045323,-2.05770725,
431a4ea9-1505-4368-b959-80aca3b20b2d,St Bernards W,2476,49.20210554,-2.0533034,
43558189-05df-4439-87fb-7929c78a2e58,Le Feugerel W,3587,49.1859627,-2.22109922,
43e3d7cd-8c20-4042-83a0-ceb2059ecaa3,Grands Vaux School,2696,49.20267083,-2.0912337,
4478f256-96cb-49d0-bae6-9d2804557f2b,St Matthews Church W,2673,49.19845496,-2.14276427,
450f14e8-13c4-4520-a5a8-5c134f48701c,Broad Street,2462,49.18444782,-2.1080807,
453974ad-f7f8-476e-b3a4-bfd896c4052e,Les Hougues W,4398,49.23329862,-2.06932599,
45434e2c-ad5a-4427-baf4-d0d70a0affba,La Blanche Maison S,3979,49.23947014,-2.23990114,
455fe15a-2636-41dc-bcac-e6e8493315d9,Hamptonne Museum,4367,49.22181804,-2.14169973,
45d0f467-2e27-4a11-aeaf-2a4316700f09,Atlantic Hotel E,2354,49.18684858,-2.22537393,
467adefe-3664-4ece-8141-40e686493c7a,Seymour Inn N,3695,49.16963517,-2.0300495,
468de431-6470-4be8-a7fe-57092400c476,Pontorson Lane W,2838,49.16759427,-2.06448806,
46cad13c-a41f-4e38-8e6d-57c4d4e71909,Five Oaks N,2636,49.19898301,-2.07991986,
4745cc54-4262-40f3-88a6-89a68323b67d,Le Don Baudains,4597,49.17350381,-2.05140748,
47761a56-04ea-43d2-9fba-da244902cc22,Don Farm,2542,49.19457445,-2.19880771,1
4799e1e5-e088-4993-8c3f-e919f5a9eb90,Jardin des Carreaux,2794,49.19861306,-2.11328558,1
47e35417-1ff3-4ce1-8c45-fc53a886e983,Regent Road,4574,49.18083453,-2.10272302,
48584f0e-0b1f-4660-80a3-f5e3c421ff92,Le Hurel S,2958,49.22026045,-2.09415664,
48b0cdd2-67b8-47cc-aff9-0860fef4094e,Clos des Blanches E,4567,49.17099605,-2.08646835,
49130e8f-809a-4ce6-ab7f-dda76913a38f,Bethlehem Chapel E,3796,49.23509298,-2.17022906,
49131e94-54e9-4c5f-ad71-5011a6dd9d1d,Midbay E,3426,49.1852819,-2.19568239,
494f9e6f-faa0-45d6-8177-8e9703a03a53,Links Estate S,2936,49.19003623,-2.03884536,
496967ba-f76e-4c4f-ba6f-c6cb6368e7d6,St Catherines Wood S,3753,49.21725648,-2.03118821,
496d7944-c207-47e7-8301-b53265e7a7af,Victoria Hotel N,3959,49.21073562,-2.16129784,
4984ae3c-643b-4c14-942a-36d6c32cbee6,Bagatelle Parade N,2943,49.19649275,-2.0825435,
49a86ad9-b6bb-406c-a169-6bf8550f9a91,Sea View Farm,2737,49.25224452,-2.2307111,
4a4cdf44-73ce-4f0b-ab08-3169b5d6de2b,Rue du Bocage,4348,49.21359229,-2.18944569,
4a6273d8-b646-4dcb-a203-871e7f38a880,Sandybrook S,3247,49.20235788,-2.15491303,
4ac88e6a-d73b-444f-95c4-ca2626239332,La Collette Shops,2846,49.17745809,-2.10458927,
4b1ec261-5760-4d65-ad7d-085128ac2683,Greenhills S,3484,49.21774577,-2.17316911,
4b5846a6-477e-4d05-8fcd-f15a6e19f59b,Rue de la Chesnaie S,3642,49.2280249,-2.11478408,
4bd4dd72-8190-47d0-87ea-5722dd0b275c,Betchet es Cats W,4274,49.24668217,-2.11142663,
4bec26d9-9e2e-40d4-a88d-c0218be4d834,Route de Plemont,4276,49.25167131,-2.22528234,
4ca2edf2-ebe0-4456-b418-0fa5210e5e70,Sydney Crill Park E,4383,49.16982096,-2.05175994,
4cbcad8a-1e88-4742-b0f9-ef614b11ad0c,Bay View Court,2368,49.19192145,-2.12242793,
4cbee567-e4be-4003-a700-5c4424123658,Rozel Manor S,3897,49.22730936,-2.04700954,
4d809174-f99e-493a-8c3a-2e38b961e97e,Rue de la Croiserie,3259,49.21110682,-2.09699537,
4e149c88-25eb-4547-99b6-17e3db414f90,St Marys Garage E,3795,49.23534768,-2.16800848,
4e340d48-28b0-4265-a73f-a5f50c8a3ab3,Maupertuis Lane,4324,49.16793127,-2.08227036,
4e6548ed-d651-49d5-a5e2-0cab412929c8,Hotel de France N,3254,49.19046187,-2.0971128,
4ebc07e5-c0ab-420f-ab47-e2350d19fcf4,Snow Hill,3729,49.18357242,-2.10350493,1
4ed44002-2f33-4ea3-9e90-09e13e952561,I. J. Bathe Field S,2353,49.20407512,-2.0643693,
4f1623a0-ef75-4b5f-8cf7-4d32cd42f380,Ryburn Road W,3593,49.17565235,-2.08900692,
4f51e060-c883-45fa-a57f-059da4968295,Ville Emphrie S,3968,49.2079086,-2.14284704,1
4f911d10-5f8f-4a2c-9243-fa2d87e7be3b,Jersey Zoo,2579,49.2293241,-2.07345756,1
503cca0e-11b7-4019-b115-a9c5a46cb445,Rue du Douet,3673,49.2271028,-2.19803551,
504d9916-59ce-44fc-9dca-bd8167192531,Fayreways Flats,4242,49.1980242,-2.08198811,
505400c3-f368-4095-a2c7-566ac1d4706f,Woodbine Farm,4264,49.23907134,-2.21590877,
506e5d0d-e05c-4f7a-be79-da8872693c9b,Chestnut Lea,2496,49.2036851,-2.11541768,
50a3aabc-474b-477a-bf1d-501a0749f9d9,Leamington Court,3584,49.19464963,-2.10958662,
50c63773-7bb6-4f19-96a8-73072db5cda1,Sea Crest Apts,3843,49.18393553,-2.23405846,
50faa48d-a55b-4eba-bea2-a552e3e2db41,Rue d'Egypte W,4269,49.24528837,-2.09903142,
514f7d06-946f-40c4-a320-8bdbabad4509,Victoria Hotel S,3958,49.21117921,-2.16134816,
51eb8207-3d7f-4b43-b5ff-f97d4e96c2ae,Les Charrieres N,2985,49.22415,-2.18194826,
51f24b16-47be-4b91-a641-66e8a78bbf74,Rue du Tapon W,4587,49.19821869,-2.0725312,
52359726-105a-413e-bd06-effdaa8b8cf9,Richmond Road,2532,49.19516344,-2.10692311,
533d9dfa-aded-43ef-bd99-2282b2164aee,Mont a l'Abbe Sch N,2764,49.20299463,-2.11374812,
534979ba-aace-47ea-86a3-b8f55af74e03,Rue de Bel Air W,3949,49.23613508,-2.16456465,
53803f29-57b9-4167-94ca-e7749a6f6267,Grainville School,2692,49.19835113,-2.08707844,
538585bd-da20-473f-a2e9-6ecf1646a2cf,Blanches Pierres,2426,49.2441005,-2.21233256,
539e26ef-c44e-4233-9baa-da0352cd1e0f,The Windmill E,3878,49.23340509,-2.18342567,
5459cb75-b691-4989-b9f3-1303a899b1e9,St Clements School W,2968,49.17095684,-2.06797231,1
546480c8-25ae-4334-bb07-7ae0dc402cb4,Longueville Manor E,3476,49.18335936,-2.07818129,
549f8380-86b3-4e58-bf96-0c63f4a0f6b1,La Profonde Rue,2945,49.24299064,-2.22252333,
54bac880-87c5-4cf2-82a0-25df86234d58,Bus Station Stand L,4537,49.18344319,-2.10980006,
54eed86d-ee85-4941-bbae-e3909732f02a,Avalon Park W,2834,49.16476735,-2.07941522,1
55bf9111-8b10-432e-a006-5a6dfdc74afd,Portinfer Junction,3575,49.25137022,-2.22604025,
55e9f34e-8ebf-4618-9af4-dea380d5502a,La Longue Rue E,2842,49.21588317,-2.04472232,
55ecf871-6da8-498b-8422-bfad0befc1de,Millennium Park N,4683,49.18743963,-2.10263277,
5604379c-1ece-4cd1-a425-1bfd21ea07a5,Mont Nicolle W,3464,49.18821384,-2.18933232,1
561b39d5-90f5-4978-803c-7b991dd477e8,West Park Slipway,2852,49.18669789,-2.11562195,1
56b81bcc-b701-4168-8221-b9c54148851f,Hotel de France S,2786,49.190568,-2.09707577,1
56ea0319-3e85-4869-aa9a-15668e844b47,Clos des Sables E,3537,49.1895884,-2.20652262,1
56fd64d3-0591-474a-a685-bb30f1b80bfc,Jubilee Hill,4234,49.21108143,-2.21092142,
5761ae45-a78e-4fb7-8737-a899753cddb3,Albert Road W,2656,49.17848379,-2.0916789,
57ac1bdb-4dab-416f-80f2-aebaf77622fb,Hautes Croix Store N,4563,49.2393005,-2.11144583,
5884a11f-d25d-4295-8f74-f7e45d75b544,Rue de St Clement S,3486,49.21183924,-2.18079389,
58f04576-3ece-4f16-8e72-3ae28b80868d,Fort William S,2676,49.19498622,-2.03314145,
59ee1d68-fbf9-4419-91ac-e538a9105869,La Rocque Church S,3425,49.17295492,-2.03100007,
5a62412f-ebe4-412d-a66c-51c1467223e1,St Clements Church,2469,49.17369281,-2.05595246,
5aa13f41-8cc9-4b84-9daf-bf5927bf8212,Jersey Pearl N,2825,49.23100454,-2.23366463,
5af25d1e-2e59-46fd-9d92-c9306c9a9b41,Le Geyt Street,4657,49.18637664,-2.10723102,
5b0e916e-65f6-4b9f-b0df-8fdba522c4c5,Jersey Post N,4364,49.18084569,-2.08126318,
5b465c46-2ec7-430a-87e3-dfa0bcf24d22,Le Vier Mont W,3869,49.1814246,-2.07047085,
5bdad1ee-f71d-4692-85a1-7cc2ee078e7c,Beaumont E,2378,49.19666122,-2.15760757,
5cbaaa35-a7c6-4fe8-b669-fbd9dc043e28,Hameau de la Mer E,2765,49.16682833,-2.03961096,1
5cd8bc04-6ca0-4fcb-b1e1-3c9d76ae9a99,Rue du Boulay N,4275,49.2349442,-2.08570946,
5cf21ad8-9495-4871-bb97-f67a51ccf320,La Rocque Harbour S,2898,49.16537617,-2.03190526,
5d009898-f66a-4537-99cd-f45e57458848,Hautmont Estate S,2796,49.18740314,-2.09239215,1
5d1b0a04-05f6-42c5-8428-c0509c6ee2b1,Castle Green N,3467,49.20056121,-2.02082941,
5d7b2244-d1ac-4138-bd3d-887af0900fb7,Chasse Brunet E,2547,49.19750728,-2.08474302,
5d93d576-2f03-4715-b82c-1442bfd6af6c,West Park Shelter,3976,49.18908247,-2.11853275,1
5dec98bc-14cb-4781-a6f1-194b1978a956,Mont Mado W,3462,49.24539369,-2.12505748,
5f23d6ef-3f1f-49af-9968-8e51e527c0ed,Plemont Bay,3548,49.25573191,-2.22688462,
5fb4454b-73ed-4a22-aa87-c8d6e68fd975,La Maison Slipway S,3256,49.21849171,-2.02989352,
605e5356-db63-455b-8c70-05d7329b14d2,Georgetown Road W,2654,49.17892379,-2.09276728,
605fe6c8-7bc0-489f-89c0-28a915681be6,Charles Street,4676,49.18561851,-2.10231742,
6110cf5a-a6d1-438b-b2e4-b6f3e2bcced5,St Catherines Wood N,3754,49.21733651,-2.03129002,
612f6706-2224-4fd6-857b-e991c39ecc7c,Le Hocq Slipway E,2954,49.16734725,-2.06231347,
612f7046-4c14-4aac-9426-c9d4272e2db6,La Pulente N,3579,49.18853486,-2.22964143,
61a176ca-837b-41c2-aec5-8ed40c031bc5,Clos de Noirmont,2528,49.1830871,-2.17840545,
61f94837-f2e2-4476-bf34-4fe3769fddd6,Le Saie S,4243,49.23393813,-2.03867423,
6218d457-8a94-4b65-a33a-b23091e30388,St Peters School,4353,49.21248676,-2.18497603,
624a23e4-838c-42ee-ba29-35730cc1d602,Fremont Perle N,3242,49.24493207,-2.13437447,
62646624-189f-49c0-b39e-411dc5df59b3,Betchet es Cats E,3237,49.24665669,-2.11162768,
627a28e3-1239-4f41-ac52-2aedac0c6778,Bellozanne Road,2343,49.19295404,-2.12482476,
62b2b1ae-9920-425d-bf21-feea35831198,St Matthews Church E,3797,49.19850525,-2.14268801,
62bff4cd-e9ea-4f78-97f1-63824dfc0b97,Rue des Croix E,4576,49.23649875,-2.09327854,
62c84b40-222f-4503-be1e-ed26c2fb4f43,Rue du Pont,3675,49.21628478,-2.0750428,
631c9dd7-4dc1-4703-a343-25cc5e75ed21,Bus Station Stand B,4524,49.18356361,-2.11029578,
640721f9-222a-4f57-b85c-a90a4c88d108,Ruette de Faldouet W,3736,49.20368396,-2.03315077,
642437ea-88b2-4fc9-9d30-894073f50611,Trinity School N,3547,49.22885398,-2.09351037,
6498833a-62e3-40db-8071-fb4f14bc3f53,Le Braye S,2938,49.19802183,-2.22376429,
64eecc87-517b-4638-8062-7aa66a1f7a70,Clos du Rivage S,2684,49.19764454,-2.02863984,1
651713b0-721d-4cb5-8690-f43d64971e5d,Clarke Avenue,2523,49.1988702,-2.11425706,1
651e1847-d7d4-41b3-98fe-fed94da6888a,Trinity Arms W,3927,49.23291155,-2.08949334,1
6535787d-fecc-4d16-adad-d4636fd0fd36,Longueville Court E,3265,49.18264097,-2.07470933,
6558d902-8a2a-42fb-a640-7c57c6550474,Albert Place N,2329,49.18232903,-2.11341832,
65b9be57-b53a-4379-9b13-8c49117b9b67,Grands Vaux Court N,2693,49.19747569,-2.09579903,
66305b1c-9201-4a74-aef1-f68eb304236c,Moulin de Quetivel S,3734,49.20878228,-2.16095064,
666dfc72-3410-48e0-ae61-ba2333cdafc1,Bagatelle Parade S,3267,49.19637443,-2.08252819,
669b8cff-591c-4ec7-904c-a8b51d43f04d,St Ouens Village S,3826,49.23280612,-2.20247819,1
66e0031f-9bb5-48e9-8713-18003158ea44,Coastlands Avenue W,3954,49.1765623,-2.09226336,
66e12ae1-e1de-4638-af22-961293516021,St Ouens Village N,3823,49.23297324,-2.20266083,1
67354228-0690-49ad-8184-d8ed2861799d,Millbrook W,3692,49.19779221,-2.13507372,
675431d3-9348-44ba-97de-f37ff5bdc821,Haute Tombette N,2756,49.24047379,-2.1644122,
67bac814-a479-48b9-ab9b-868481e78ede,Grouville Arsenal E,2739,49.18142258,-2.05930849,
67f95344-43b1-4623-8ec2-2d09e25c314f,Beaumont W,2748,49.19657206,-2.15735593,
686f55dc-2a7c-4b4e-95e1-326c5e23ad8d,Pomona Road S,3562,49.1902963,-2.10976429,
6946465d-b572-4ec9-8fa5-d802a209f30e,Longbeach S,3268,49.19614283,-2.03128954,1
6964efdd-a9f8-419b-9de3-78f92d26ca53,La Hougue Bie W,2486,49.20094026,-2.06383368,
697bd97d-f9e0-4e7e-a9d1-79313cd4992e,La Blinerie,2837,49.17212353,-2.07414289,
69cf89e1-bd07-4231-b6e3-80a12174f19f,Greve de Lecq,2736,49.24584094,-2.19995611,
69e8c9bd-11b6-437a-8cc1-c7a7bdd8b36a,La Moye Garage N,2868,49.18558669,-2.21778516,
6a62403f-124e-485c-a7e5-7ac0d1cb3218,Rue des Brulees S,2983,49.2256925,-2.09357883,
6a699429-1150-400a-88c4-8471ba8c3863,St Saviours Church S,3842,49.19492705,-2.09082958,
6a7350ac-61c2-4636-82e7-9d5f92e12397,Clos Orange S,2653,49.18676418,-2.21678987,
6aace129-c030-4745-8179-c18021a2b95d,Les Vaux Larrons,4397,49.18066609,-2.23137487,
6bdf4942-138b-4c63-b5c9-06dcda8ac443,Rue de Bel Air E,2725,49.23613736,-2.16474679,
6c6198ec-ebbc-4ffe-b544-b2f6dd4b4a31,La Preference,2893,49.2134385,-2.05908781,
6d3f709f-1a24-498a-acd0-541693a971e0,West View S,3982,49.23762802,-2.16774342,
6d46347a-8a37-4ef3-9b1c-8bae4a69ed4b,Sion Lodge N,2435,49.21825818,-2.11457869,
6d488307-f697-4259-abaf-36e1cfe3bc84,Lime Grove E,4285,49.1799799,-2.10275525,
6d5b0be2-ab08-4a1b-b7f6-66e2cd05684a,Hotel La Place N,2876,49.19580083,-2.17724222,
6d96a28f-5370-4261-8555-c4a98c66b98b,Greve d'Azette E,2342,49.1694023,-2.08471517,
6db05f75-61ea-4ea8-b8a5-184c4ec7682a,Ouaisne Junction N,3497,49.17713355,-2.17320699,
6db87a9d-7bf5-409b-b329-1a0cdb7c4506,Rue du Ponterrin,3487,49.21246585,-2.08197845,
6f245bf2-2d76-4620-b56b-19730177fc50,Rose Farm W,3239,49.18442281,-2.18244012,
6f368287-3380-4798-8d02-91fc6417917c,Carrefour Selous W,2478,49.22699962,-2.14610647,
6f9d2288-bf37-47af-b58f-650ae1f55036,Ransoms N,3589,49.20546247,-2.03240049,
6fb81f3d-ba4d-4d5c-9ddc-0a805a55c0ea,Mont Cambrai S,3984,49.20611778,-2.14274371,
6ffe0c0d-b7f5-43bf-b9ae-c773c5296ae3,La Croix Messervy E,3738,49.21234303,-2.03867145,
70e23e62-c245-4893-bd8d-6eb437f55ee7,Priory Farm,2952,49.17177728,-2.06500727,
70e2e630-8f51-4708-8fcd-92d06e2eeec8,St Peters House N,3832,49.22093451,-2.18294094,
711ee0d2-dc01-4da1-9c93-2b30d484803f,The Cedars,3942,49.18003426,-2.10391278,
71497dd0-0eca-4fe9-b6bb-62f9f1d3b036,Hastings Road,4385,49.17975548,-2.09858987,
714c4d61-6f64-4c87-b02f-286738fc3de0,Rue Cyril Mauger,4252,49.20292777,-2.12838515,
71eb26cf-e79a-429f-8a48-34f0531f1c01,Queens Valley E,3585,49.20281522,-2.04134258,
71fbf688-bb48-41fc-96f5-6e0513449062,Route des Landes,3653,49.24652193,-2.23813757,
726c47e2-6807-4842-af49-54009c9adc3d,La Chesnee Farm S,2845,49.22231618,-2.09487686,
728228ac-3a7d-4152-ba6c-b9d145591b50,L'Enclos,2932,49.21357458,-2.07527237,
729e3142-e72b-4187-b3e5-5078967d7bdc,La Croix Messervy W,3298,49.21262911,-2.03942055,
72e8be90-e7c0-4669-bfed-c4327f9d7244,Tesson Chapel W,3862,49.20467496,-2.1549291,
7331f315-5568-4143-81c5-b3e22dd90a90,Five Mile Avenue N,4232,49.22637408,-2.23048414,
7427bb52-a95f-42de-8478-19278ff386e8,Rue Militaire N,2393,49.23958668,-2.11735423,
745df3e1-8e86-409a-8a33-c97a5267d5a5,The Union Inn,3945,49.21165186,-2.11316862,
74687347-e667-4588-a9a7-495383247204,Trinity Arms E,4645,49.23307946,-2.09006534,
74d82fac-e88c-4723-82d4-d696a70a613c,Rue de la Houguette,2497,49.17260471,-2.06008636,
753d1349-9839-478f-975e-416f35dfeaae,The Royal E,3875,49.21780098,-2.05025938,1
75582747-0724-47fb-b770-4607fac69f55,St Marys Arsenal,4293,49.23442399,-2.17805998,
756aefcb-e97e-4de3-ae37-7ff5480f7bc1,Landscape Grove S,4256,49.20109248,-2.12936587,
75707bf8-e76e-42e6-985d-5c7e6b3edcf0,York Farm W,3846,49.19559237,-2.15982194,1
757216dd-f4ac-4ade-9fdc-280dd6c42b76,Rectory Close,3595,49.17183084,-2.06492434,
75b75563-1408-41be-bb70-048f3d12602b,Haute Tombette S,2854,49.24054933,-2.16427236,
7677f84a-41fe-4ee1-8bc6-64a38e6d9978,Chasse Brunet W,2489,49.19752492,-2.08449108,
768a616d-29d2-4c98-8256-f346d8f6a9f5,Rue de la Preterie,2782,49.23367869,-2.18641284,
772623bb-40d7-4205-b2b5-8aac7315acf6,St Georges Church,4346,49.24730637,-2.22695698,
772e7701-fc44-403a-bead-d638e332f1f6,Ryburn Avenue N,3594,49.17595349,-2.08802491,
7769a8a2-437a-4cac-a9eb-df70bcc7cafb,Fosse a l'Ecrivain,2643,49.20476077,-2.0711532,
77922e30-08b2-487b-b97b-bab7355a449a,Petites Hinguettes,2962,49.1680449,-2.07928066,
77a26a07-5c48-4413-b288-a2fab56126ba,Maufant Lodge,3294,49.20965909,-2.06560596,
77db555f-139b-4932-9e14-27288be06fac,Rue Militaire S,2389,49.23951289,-2.11730652,
7819efa4-fc9e-414a-afd5-a62c0af42c0c,Abbotsmount,2539,49.19616884,-2.11370982,1
78d3d881-803e-407f-882f-bd01a2377272,Croix au Lion S,2562,49.2174871,-2.18596518,1
797d4b9c-47a6-4362-a24c-72d89ebad8d8,Green Farm E,2524,49.24565032,-2.12974803,
7a08e7de-0e77-4fb6-9956-d3b8385cef5b,Bellozanne Avenue,2394,49.19273802,-2.12420734,1
7afb774c-a2cc-4c48-8ab5-557f9b63e985,Anne Port Slipway N,4345,49.20528313,-2.02269253,
7b3b9e0d-9ff7-4c6f-9e46-990ea54c5041,St Marks Church N,3769,49.18997796,-2.10339506,
7b67390b-4b87-439b-8cba-1ac72f8b0aa0,Woodbine Store,4382,49.18412474,-2.18034975,
7b9ba0a0-5057-41a4-a45e-196ab08dea6f,Five Oaks S,2635,49.19874068,-2.0802476,
7bcd5a0f-9c27-43b1-b091-73ab9b4a4626,St Andrews Park E,3739,49.19575671,-2.13137015,1
7c0e6bd1-2342-4268-bdc0-9eb282b590d8,St Aubin N,3742,49.18790172,-2.1701276,1
7c3100e3-e9fd-40c9-be2f-b70c4ed26a9d,Carrefour Selous S,4624,49.22749248,-2.14538586,
7c7952ff-3423-4dfb-9361-d95909ccec88,Les Monts W,3939,49.2019521,-2.03701596,
7cb4abff-62c6-4474-bd83-2474d7edb628,La Ruette N,3849,49.23536427,-2.16121063,
7d1424f5-c47f-40e0-b2c5-611619cf0b10,Castle Street,2594,49.1846389,-2.11166341,
7d2a57ed-a099-421b-8465-504ab129618b,Kempt Tower N,2828,49.21984626,-2.22632485,
7d7cecea-51c6-4463-b57b-18569472a6a9,Route des Pelles N,3632,49.2292002,-2.04407909,
7da1a52b-54a4-4baa-a35a-d88079987e3f,Les Perrons,3542,49.24506481,-2.22916909,
7dee09d0-7414-4429-83e2-fb1bdf82f958,St Brelades Bay W,2463,49.18552576,-2.19955947,
7fa5361b-5ace-455b-8b35-45b6c09f552c,St Brelade Church W,3748,49.18502286,-2.20414446,
804e1070-5340-4399-a431-edaf7a960106,Rue des Buttes S,3676,49.21537008,-2.05442557,
81283f2f-1219-40b7-bcaa-c2c7edf0bf21,Les Cabots E,2467,49.18076837,-2.06678467,
8166503c-f6a9-46be-8ad0-fe94d17dc8b3,La Hacienda,2857,49.20143815,-2.01890139,
81995cda-4a6f-4071-a960-f0a0df23a7b7,Roche du Lion,3625,49.20156195,-2.01872946,
81ad8aaf-26dd-48d5-993a-c1786ab6e965,St Lawrence Church S,2459,49.2136851,-2.14124731,
822a8dee-eead-48d0-8545-326bdf6b5bd0,Rue du Manoir,3285,49.22712446,-2.19816482,
82d6e75c-475d-4097-80a7-be6ba2776d60,Hotel La Place S,3453,49.19596133,-2.1771618,
835c9035-67eb-4834-b6ba-4278d3ed5fb1,Trinity Church S,2787,49.23341361,-2.09163819,
8412febb-d887-4eab-b61a-c8ac4e3bb09c,Green Farm W,2698,49.24560017,-2.12955887,
841578f2-b3ac-4d66-ab76-600f5e9faca8,Travers Farm Lane S,3279,49.17983521,-2.17531043,
841e80e4-de93-4a44-994c-94f0b1f3ab9e,Rue des Vignes W,4359,49.20615745,-2.17866853,
84345be7-7801-4cf4-adf1-8b63b2ac6810,Clos des Pauvres,4629,49.24521177,-2.16575848,
8448852c-df9f-47ed-b125-a571f43937e6,Rozel Manor N,2974,49.22710425,-2.04700329,
844a8d4d-8891-4a9f-aebe-a703a896b1ab,St Marys Garage W,3793,49.2353097,-2.16807429,
8462f566-10dd-4172-9826-6413dab32b86,Les Varines W,3953,49.18250238,-2.08376698,1
84aaa07e-344c-49fa-8009-975670249cec,St Clement Gardens W,3757,49.17495485,-2.08576143,
8535e2df-02f7-45e6-9ce8-0392e6629c49,Grosnez House,2738,49.2530508,-2.23917739,
8553127b-8705-4965-a231-0235e677fa80,Don Street,4658,49.18610339,-2.10536796,
85743d42-bd4f-4485-882e-6f5ac5885c60,Les Routeurs N,3238,49.20324126,-2.07363569,
85b901c7-c1a3-44e6-bb19-de54d6abf6cf,Sutton Court S,3983,49.20002545,-2.09528562,
85b92753-302d-4092-b3b1-255fcabfec4c,Moulin de Quetivel N,3469,49.20879358,-2.16104503,
86aa85d2-010f-4557-9223-425ae0018348,Paul Mill N,3532,49.20652664,-2.08423316,
86da56b2-4a9d-4362-881f-b1d1719bb299,Parcq du Rivage W,3429,49.19697774,-2.15205708,
87057f6c-512f-4918-abe3-be8c42dea39a,Manor Park Road,2568,49.19793771,-2.10964039,
8734a231-0a6f-4e02-8e24-50c01b89e28a,Castle View,2454,49.19032202,-2.11712595,
8773c258-a69c-4594-9c2a-3d0c44b57314,Rocque Bay W,2458,49.16660457,-2.06965874,
88440256-54ab-47ea-ae70-73893c6d25e5,Les Ruettes N,3693,49.23475385,-2.11296156,
8856223f-5084-42c8-b992-4797ca3487cb,Rue au Blancq E,3637,49.17189053,-2.07147549,
8892602e-417b-40ce-a09f-c9ad807105b1,La Rocque Harbour N,2896,49.16544995,-2.03184351,
88b38e66-d42b-48ba-8069-eaab265edf1a,La Blanche Maison N,2752,49.23934521,-2.23963014,
88ba7660-039f-4f0b-b6e8-e0622dea606b,La Pulente S,2895,49.18832552,-2.22979885,
88d16f54-7ab9-408e-b028-80aafe7b4829,Manor Close,3284,49.17398929,-2.0823018,
8933cab8-4fe7-43fa-af63-ca5947cdd9f2,Hautes Croix Store W,2753,49.23943572,-2.11204405,
89f5ad98-3da6-4aef-bf50-3dccad83597a,Miladi Farm Parade W,3435,49.18302896,-2.08212442,
8a5b26d9-4753-4fde-90ab-81ce8a386de9,Fort William N,3946,49.195101,-2.03307722,
8ac97bed-dc12-4a02-9537-a2501c2bad26,La Collette Flats,2728,49.17726594,-2.10474749,1
8b034af3-6019-4fc9-ba3e-585b2a9fb357,St Saviours School N,3836,49.19369458,-2.08425239,
8b295672-8bd4-4b8d-85dd-4903025d1a52,St Marks Church S,4673,49.19030604,-2.10348961,
8b44fc3c-e80e-42be-b5bd-e51caeafed95,Red Houses Waitrose E,2529,49.19035757,-2.20220708,1
8ba02ed0-c31e-4b68-a649-fc02d0517e48,The Cloisters,3272,49.18219896,-2.09641093,
8c114673-fc07-4c47-8a22-1fd57dfcb146,Rue Cappelain N,2564,49.2041733,-2.1808563,
8cacb9c8-2538-4406-9835-53362837a6ef,Oak Tree Gardens N,3938,49.20012594,-2.09923581,
8cd9f97f-0e83-4502-b3dc-0755cca1dee1,Green Island E,2724,49.16473267,-2.07358153,
8ce905d3-c228-4d56-9ddc-ee9128b02b92,Samares Avenue,2624,49.1742111,-2.08324917,1
8d906c22-1f10-46d9-a1c6-640fb95adc5a,Les Quennevais Sch,3586,49.19192902,-2.20706863,
8db6450a-db03-48ba-a5ae-21cba1d703ca,Avenue de la Reine,3874,49.20684141,-2.17507534,
8df18fff-bb4a-4e74-b950-db74edd41496,Causie Lane E,3495,49.17352137,-2.04832063,
8e3e8850-4652-4f41-ad6c-3ec43642d2cb,Lewis Lane,3534,49.189082,-2.11388226,
904f5f3d-1672-4068-baf6-a5c3bee787e9,Rue d'Olive N,2864,49.24521433,-2.16589536,
9080d63f-e9a3-434e-b392-11fcc6953008,La Lande W,4273,49.24630284,-2.10629185,
90b0eec2-0963-42c4-8b38-03f4c7887eda,Route du Petit Port,3852,49.18379133,-2.22357335,
90dc0564-ac3d-4c8b-82be-a3be596e2cc7,Les Monts E,2687,49.20206153,-2.03670152,
90e1af96-b673-4d3c-8433-f6192c9b60db,Hautlieu School,2758,49.19251387,-2.09164662,
9114fd7f-48b6-4f0c-85f2-d6bc2ae9e5eb,I. J. Bathe Field N,3647,49.20410775,-2.06445021,
91ea8c6e-8ecc-4393-95a5-1ff210ffe3a4,Augres S,3232,49.21652582,-2.09597783,
92a8f747-7a48-4c25-8355-34c6066cff73,Le Vier Mont E,3628,49.18199111,-2.07102966,
92c52c09-1580-4884-bd3e-38fd837c1997,Gloster Terrace N,3549,49.19199759,-2.10912544,
93d139f8-0fe2-428c-b625-1a96f18380d0,Beach Road W,2574,49.17697922,-2.09667644,1
93f132c6-f84b-4b84-bebc-2041b4fe341c,Queen Street,4682,49.18427162,-2.10479729,
9420f520-b40a-4187-bfe3-15da57adc401,Albert Place S,2328,49.18229313,-2.11321034,
942e1691-fbf4-4991-abf6-930e3ca57ca4,Perquage Car Park,3694,49.19655681,-2.15519642,1
94b35a62-027b-4be5-8e08-b595c6129da2,Rue de Cambrai S,2675,49.23905359,-2.09374557,
9659bec7-d1fb-45b3-8223-2ca32ec96fde,Les Augerez N,2982,49.23271266,-2.18176866,
97e80b32-3a33-44a6-9d93-bb38720d312b,Rose Farm E,3627,49.18432189,-2.18116462,1
97ff81fb-cc66-40a0-9a0c-ace0504cd164,Bus Station Stand J,4535,49.18322179,-2.10970612,
980b4bd5-c436-4a4e-a2c5-5d41a538671f,Quenault Centre,4646,49.19179416,-2.20721557,1
98bded59-d440-48f2-a736-4e9fa6b0b206,Les Carrieres,2783,49.21256569,-2.05909045,
993e6cdd-a156-464d-8b7d-a646cb75814e,Cloverley Court N,2538,49.20775216,-2.03354007,
99e85093-6558-4ddc-98a3-1a3fab872941,Lime Grove W,4286,49.17980795,-2.10269838,
9a0b70e5-bd01-4395-a348-4bda005496e9,Rue Cappelain S,2565,49.20423811,-2.18080626,
9a6f4590-d411-4174-8fe2-64b15eda763c,Bradford Avenue E,2456,49.18989909,-2.19739657,
9b291a4e-bb61-4c36-8217-12ccf8647147,Springfield Stadium,3737,49.19121413,-2.09949898,1
9bffab81-7c31-418b-a945-3a6bba372074,Mont Huelin N,3275,49.23696741,-2.23436935,
9c2dfa7c-90f5-4131-b705-9cc8c76946c5,Coronation Park W,3437,49.19854821,-2.13975198,
9c53e8be-12bd-4273-9cf0-2b7420677e8c,Pomona Road N,3847,49.19006401,-2.11009895,1
9c59fd37-c223-4470-96f1-e5f2bde34476,Fremont Perle S,2646,49.2447519,-2.13457745,
9d090c50-248b-4e96-a01e-3b441344b51d,Rue du Boulay S,4257,49.2349702,-2.08565015,
9d76aab5-45e7-4c2a-987e-ed4b1915da10,Les Residences,2578,49.19854332,-2.02668746,
9dabd818-5d6c-44be-97e6-3b78ba07e110,Tabor Park W,3864,49.18905836,-2.1938831,
9dd0eb1b-5c04-497f-835f-1183a73cd282,Les Croix N,4265,49.23732014,-2.09359853,
9ea55347-dbb3-4e77-a70b-d86d64d708e5,Sion Lodge S,2826,49.21815309,-2.11449186,1
9eca1d16-ff59-4eff-9830-5ab4f7c16955,Millbrook E,2767,49.19817007,-2.13558429,1
9f63cf43-e955-4ee3-828e-f6fdabcf26c2,Glencoe N,3468,49.2315106,-2.14353163,
9f6e5074-3f08-49d6-9e39-a49bfbe37942,Mont Nicolle E,3465,49.18808683,-2.18880524,1
a050db62-0ae1-4926-89ea-d35ffad1970a,La Piece Mauger S,2324,49.22448983,-2.06783279,
a094deaf-bcf3-44c9-96ed-ab9966db565f,Bus Station Stand M,4538,49.18354275,-2.10996796,
a12b999a-14bb-47b2-84d4-23145209fbce,Tesson Chapel E,3859,49.20487048,-2.1548746,
a1686cb1-05ff-4d8c-8571-2a51287e4b6a,Salisbury Crescent,2694,49.18849764,-2.09831919,1
a198fde0-da02-4ba5-b62f-70fcb1065b28,Bon Air Apartments,2549,49.16979306,-2.05282897,
a1b3ebc6-f275-4bd6-9081-657b380da1c8,Grouville School,2972,49.18662996,-2.0439237,1
a1bdd48b-6c98-4b72-94ea-bb9978c0a971,Jersey Rugby Club N,3678,49.20530486,-2.18136771,
a272effa-c790-4b59-932d-3a3d4f77a246,Bon Air Lane N,2429,49.19070081,-2.08737458,
a2a8a19a-32aa-426d-b39a-513314f944cc,Devon Gardens N,2678,49.19996474,-2.02323965,
a39d9088-4e8b-4fad-b717-f6e26077aeba,Surville Cemetery N,3854,49.2151798,-2.11347637,
a3ec298c-4ed3-4174-b3a2-20549d736fec,Grouville Church E,2743,49.18384422,-2.04962602,
a42dc266-cf3b-42d3-ac97-303caab90b0d,Jersey Aero Club W,2798,49.20613489,-2.18382552,1
a48e305d-e44e-4138-8d09-c2bb6671ab25,Queens Lane,3583,49.19429491,-2.10937664,
a48f132a-7e25-4ed2-acbc-1098752ba3d2,Rue de Mon Sejour S,3845,49.20551501,-2.09818745,
a48fc497-b8ef-4cca-91bf-82915633d1bf,La Moye School W,4238,49.1880607,-2.21515895,
a4e2a837-f81e-46b0-a83a-57f9a19c8765,Les Landes Common,3235,49.24437662,-2.24406659,
a51ea4eb-8035-41be-a99a-1bcbd3b1a52c,Les Hougues E,4323,49.23324134,-2.06942203,
a58fb3e8-394b-42e0-9ed9-23a504dcd7e4,First Tower W,2629,49.19434833,-2.12785458,1
a5e7fb22-3d38-4059-b6a4-227c0a6747f4,Longueville Manor W,3657,49.18317728,-2.07778161,1
a60a62b3-0a69-4d5d-a902-14fbf376611e,Le Hurel N,2957,49.22014743,-2.09420467,
a74e0821-858d-41c5-9f54-ba74433ccea0,Headlands,2674,49.16516605,-2.03549205,
a756ebef-3c23-4f29-a6bf-332c35002701,Les Fourneaux Est,3965,49.18002048,-2.22618529,
a77945d6-29f4-4850-9a88-81f4eea24c15,Clos St Andre S,4259,49.19642009,-2.12461706,
a7c2f8e0-764f-44c4-985f-c483cf20338d,Sutton Court N,3856,49.20075952,-2.09471177,
a7e284af-8a52-40b7-8407-86b7a6a3c994,La Verte Rue,2929,49.1726571,-2.0600199,
a7f12a82-fcfb-47f0-bff0-6a8a618ddfe6,Fauvic Farm,2623,49.17619889,-2.04166428,
a8b44446-c46d-4121-a1e3-bb7157d28177,Rue des Fonds E,2372,49.186082,-2.04520952,
a8d6f0de-a5fb-44a0-a3cf-1c14b51654eb,Airport Garages N,2924,49.20072556,-2.19627572,1
a8e94714-ec10-489f-896a-0c2c066cd12e,Rozel Bay,3634,49.23478411,-2.04684463,
a8fbfb4e-3838-4e2b-9a8c-ee323422b5c3,Byron Road S,3947,49.1916985,-2.1024328,
a949ae3c-3e6e-4f2e-b921-34821c21aa2a,Clarendon Road,2639,49.19316204,-2.10437785,
a9f0d795-64ce-46cb-8a9e-3808d9c0f050,Fauvic Common S,2836,49.17900534,-2.03506771,
aab0e31f-01e1-4b6b-b497-f95e793aba7c,Red Houses Shops S,3598,49.19126744,-2.19986923,1
aac0de29-5770-4e23-bac4-b228259d266b,Bus Station Stand C,4525,49.18352762,-2.11022721,
ab1c626f-57fa-486c-a960-45093cf5469f,Sion Village S,3726,49.219635,-2.11447828,1
abdaa64f-b1de-489e-ba39-ca996625d891,Bus Station Stand O,4542,49.18374939,-2.11032195,
abff90d7-5623-4123-9075-dd777dcff41c,Bus Station Stand D,4526,49.18348265,-2.11014493,
ac871f6b-5fd4-4ec9-abe7-4964af279b52,Kempt Tower S,2494,49.21996332,-2.22629631,
ace27bfa-1998-4064-8580-90a875492bd1,Langtry Gardens W,2567,49.19652286,-2.08840276,1
acf9044e-d8bf-436f-8683-a1ceced8f568,Mont de Gouray E,3689,49.19922398,-2.02617977,
ad0fa623-4f0f-4a3c-b579-bc8fefebff0c,Earls Court Flats,3463,49.18246432,-2.09633347,
ae247627-9f66-476a-ad3c-9e521f2d4a60,Le Braye N,2939,49.19818601,-2.22377313,
ae344532-5053-479e-bdd0-f93c58c185e8,The Limes,3872,49.17988915,-2.10389575,1
ae816244-ae51-4eaf-82f0-17b85f3efd0e,Town Mills S,2947,49.19435794,-2.09948323,
aea1e1a6-5969-4a07-8bd2-a02d6aea6ce1,Ville Emphrie N,2589,49.20773893,-2.14299834,
aebf1fd3-c333-4f31-bb10-f5c36cfe78db,Rue de Cambrai N,4267,49.23915514,-2.09383953,
aec50e14-4f8a-4755-9bc4-717d7ec07c6b,Jersey Aero Club E,2325,49.20612665,-2.18291572,
af31d6ef-59b5-44fa-8a82-25557832c4b1,St Marys School W,2984,49.23628604,-2.17434156,1
af7cdf2e-fb75-4b5b-8ba1-e0b3ac1dc3f4,Devon Gardens S,2683,49.19990534,-2.02328028,
af9f24eb-5902-4119-9439-61a5591dea2b,Cleveland Road,3629,49.17922578,-2.09905234,1
afa6a90e-06f2-4915-8358-a859d8e8416e,La Hougue Avenue N,4248,49.20969553,-2.11286626,
afeb5362-8b55-4473-bc5c-d699974c38dc,Gorse Hill,2689,49.18388991,-2.23728493,
b09ac541-997b-445e-af48-9ba8c4f1e9e3,Bus Station Stand F,4528,49.1833927,-2.11000781,
b1570987-eead-4bad-a9e0-f5e4c5359d89,La Grange N,2856,49.21306027,-2.09711035,
b171cd71-2e17-47d3-b5e4-9f7cf4326533,George V Homes,2829,49.19165452,-2.12172615,
b198b933-9d6d-4e9f-8ddb-6753263bc83e,Watersplash S,3853,49.2098568,-2.22330666,
b1d2e135-b332-4167-b7af-e2a2561070c6,Route de l'Eglise,4565,49.23564564,-2.17296076,
b20dbb18-619c-4413-be85-7bf779cdd649,York Farm E,3987,49.19542305,-2.16059008,
b23494f5-587a-4fcf-80da-c923ce985cbb,Timaru Farm,4327,49.24468864,-2.16039596,
b234d8c7-78de-4993-8a04-9ceadb4e3ce6,Saramar,3685,49.16511751,-2.03526252,
b2ca61bd-2916-431a-9ab8-010ed1b715a5,The Parade,2785,49.18786163,-2.11131378,
b3334bb1-4657-4204-b338-d4a4944ea037,Les Tours E,4628,49.17493944,-2.04591278,
b372a969-6ba7-41f5-8d1e-74bcf32abaf7,Plaisant Court,2543,49.18985245,-2.1044722,
b3e37518-1edb-473a-bb3f-579f1570722f,Vinchelez,3969,49.24681856,-2.21836493,
b4162786-a698-4c2c-abbc-a2e92e56aa34,Le Hurel Farm,2956,49.25068953,-2.24077018,
b42defd3-9bcb-4d1b-ac52-993826c4fa87,Caledonia Place,4278,49.18193265,-2.10837541,1
b4ac7a72-7d9c-4432-bd06-3f22b88994a2,Pontorson Lane E,3567,49.16763544,-2.06474989,
b4cc1608-8a8e-4aef-9eb4-72ac32c77bb1,La Moye Garage S,3485,49.1854442,-2.21785896,
b5319aed-6e3d-4ecc-8b93-84e75b2930bf,Rue de la Parade,4595,49.19928826,-2.06802127,
b531c50d-6cf4-4004-9e85-0849bea17cca,Craig Street,3895,49.1865875,-2.10584709,
b5bd3876-cae5-49ce-86a0-00449f4555ed,La Selliere Court,2959,49.168124,-2.08084644,1
b6183fe7-e3b8-4f10-b404-8f0a71b0c7a2,Jersey Rugby Club S,2464,49.20548332,-2.18134544,
b666afe2-8828-4967-bd3e-9223d0553560,Airport Garages S,2327,49.20104072,-2.19604843,1
b669f2d7-fe9c-454d-9f41-d2229911dacc,St Nicholas Avenue,3798,49.17237514,-2.08808091,
b7650435-877f-4c64-a32e-ee297978b4b3,L'Etacquerel Fort E,4297,49.23661538,-2.06406906,
b79c8254-2001-4f5f-9dc5-42da077a73fa,Three Oaks S,3893,49.21838758,-2.14028234,
b80ddad7-1964-4d3b-9d71-effe3523b73c,Clos Bertram S,2436,49.17602403,-2.03189185,
b80e4fe5-272e-4348-be6d-90d34789fe51,Les Tours W,2769,49.17499707,-2.045736,
b819cef7-9d95-4edf-b5ca-dd04a51781ac,The Mount,2452,49.23585437,-2.08670938,
b81a756d-c1a6-40bd-9730-1701ce698519,La Hougue Bie N,4586,49.20066571,-2.06328849,
b83910cc-a27f-4bb3-9243-a7f6fecaf617,Grenville Street,2734,49.18216081,-2.10206491,1
b88cfbdd-3bad-45f6-a160-762cf69a3c7d,Marett Road E,2365,49.17715083,-2.10174367,
b8ae410c-ac64-4953-81a3-d80a670d93e0,Rue de Belin N,3636,49.22036957,-2.04848253,
b9dfe286-4c2e-4ed5-aa6f-d1d567c4a36a,Le Relais S,3249,49.24051493,-2.24387912,
bae2cece-e3c7-4050-8d01-ae7a4b329ac8,La Haule Slipway N,2948,49.19255312,-2.1666389,1
bb422413-2623-4237-ba43-f27f36bdc183,Rue de la Chesnaie N,2592,49.22759591,-2.11473406,
bba17b37-e8b2-4d80-a516-290bcedc92e7,Leoville N,2976,49.23834434,-2.20554514,
bc2b9ac2-4aea-4285-ae9b-b3a2a590a54c,Rue des Croix W,2873,49.23664988,-2.09351925,
bc6534bd-f840-41b0-b99d-70c1a6367e05,Bus Station Stand N,4539,49.1836416,-2.11014397,
bcb5690a-b6f6-4565-a35c-b4d5d2e0efbf,Rue de Carteret E,4363,49.17946371,-2.08317084,
bcc4af4d-0b02-4c05-b560-4abf4f3ad2c7,Bon Air Lane S,3243,49.19064091,-2.08736187,1
bcd93f06-21ac-4617-a533-1b6a66246a69,Chestnut Grove E,2874,49.24235785,-2.11789739,
bd04215d-be9c-4897-8dca-c5600b50f919,Bel Royal School W,2387,49.19966948,-2.14905387,
bd1f0720-b1a1-4b96-bcc3-a2698866af40,Clos du Verger,3985,49.18358157,-2.179348,
be2bf946-2714-4e28-b8fa-66501d7c3256,Maufant Vineries,3296,49.21060604,-2.06563035,
be8fb8e4-2545-4c08-834f-330259118d7d,Fernlea Drive,4593,49.18371445,-2.03816421,1
bec1ba09-bc37-46b7-806c-c7faf7ca34c4,La Providence E,4279,49.20088098,-2.15220021,1
bec62f5f-d1eb-4e8e-8913-73264f682ac9,Chemin de Herupe N,3483,49.23135025,-2.1153697,
bee4ebab-b891-4d6e-8275-6d428fe73b2b,St Andrews Park W,2438,49.19644795,-2.13305407,
bf0e4e32-b871-4a31-9ab3-f7cb85c67c89,Chateau des Reves S,2963,49.21050324,-2.03672429,
bf66221f-d660-4f32-8c5a-2340ce4304b0,Mont Huelin S,3246,49.23695399,-2.23420673,
bf968a17-b649-46dd-899d-960d18af1861,James Road,3424,49.17996876,-2.09540139,
bf9817ed-f0e2-4186-bdc6-d4f3e432673f,West View N,2595,49.23749935,-2.16799182,
c0f247c3-9344-4483-9191-8f3945c93113,Pier Road Car Park,4573,49.1805586,-2.10785055,
c0f6a13b-9745-49f3-b439-1b6944ea83e9,Beauvoir,4548,49.18415551,-2.22047458,
c10e4277-dd6b-4478-b88e-9451fdda9102,Waterloo Street,4679,49.1852558,-2.10454803,
c124754c-72ff-4eae-ae8e-0e052fcc844b,Bus Station Stand G,4529,49.18334772,-2.10991181,
c1907419-3108-468b-a8ed-dfcbacfae6aa,La Villaise,4625,49.24333868,-2.24310277,
c1f89dcb-2594-4227-abc4-22a1d6c4d73e,La Mare Slipway W,2863,49.16718941,-2.08279284,1
c1fbaa98-1ba2-4b20-88b1-c33b74424b81,Brampton Farm E,2872,49.23496495,-2.18927358,
c2075cd3-2fe0-4443-ab64-0b177c468167,Langley Park W,3867,49.19879436,-2.09087257,
c24c1818-0911-4588-ab8b-9391f450a9c0,L'Horizon Hotel W,4384,49.18497659,-2.19370709,1
c2e21a65-0785-499b-b9f0-a3dd420e0514,Langtry Gardens E,2432,49.19659146,-2.08837732,1
c35b84fb-3745-4f8a-9895-3151b9c56beb,Clos de la Mielle W,2356,49.19422292,-2.16369738,
c3d86ab5-a210-41ba-a9e0-4aae788685ce,Le Neuf Chemin N,4569,49.23783823,-2.13960209,
c49a2c3d-78ff-42e6-ad6d-a098667bc11f,Leoville S,3543,49.23862611,-2.2055026,
c4b50eda-6a09-4447-a28f-eab1470ca052,Oak Tree Gardens S,2593,49.19945331,-2.09905851,1
c52eec6a-1597-49a8-b253-94797fa47045,Castle Green S,2482,49.20051758,-2.02082348,
c5553b03-f69d-417b-87ff-338953745a66,Les Ruettes S,2835,49.23496037,-2.11271924,
c5ab86b3-1809-4bf5-a624-ed8bceb28606,Mont Cambrai N,2659,49.20590583,-2.14267588,
c6204bf2-7e2d-4f6f-b562-2703d5b22acc,La Motte Street,2867,49.18366151,-2.10258541,
c6b2f36f-d420-4cb7-b47e-828c5edbc409,Les Fontaines,4245,49.25601988,-2.14734997,
c73df614-45fe-400b-a9f6-2580e8f12bc4,Trinity Church N,3928,49.23351089,-2.09183947,
c76d417c-e51c-43c9-afaf-f56d60850a9c,La Petite Lande,3283,49.18143193,-2.234753,
c76f4a93-72f9-4fd4-9c59-2ba9a65d7c6f,Rue du Hucquet W,3674,49.22047426,-2.05741126,
c7b0e080-863d-44f9-9528-127380278bdf,Belle Vue S,2534,49.19850779,-2.19735395,1
c833ebeb-1b40-4214-8312-f2c97dba8737,Highview Lane,2763,49.20052646,-2.11236692,
c9481661-24ae-40fc-aaac-5d788c4eff43,Verona Stores S,2472,49.1828597,-2.03782485,
c9b01828-5a2f-4163-8e24-1acf571905e1,Halkett Street,4678,49.1852428,-2.10329113,
c9bb8af5-72e6-4d18-aa05-a777f352cab7,New Kingdom Hall,2832,49.18012383,-2.22889719,
ca4c8a69-d271-4c33-8cdf-08bad587465e,Rue de St Clement N,3868,49.2113254,-2.18050259,
ca8f6cdb-78d9-41c9-ae3e-2e7095a7c72c,Gorey Common S,2323,49.1938059,-2.03497364,1
cac39de4-d09f-461a-a108-c2cb4f55ef4e,Rue du Tapon E,4578,49.19833142,-2.07232504,
caf48fd2-ee39-4993-94bf-bd4be23c7432,Rue au Sellier,4643,49.23487093,-2.09279783,
cb7b0054-9fec-4052-a9b2-9a636196da96,Chestnut Grove W,3286,49.24228334,-2.11777268,
cb8be1d0-7b2b-4d98-9a07-bf587e96b012,Red Houses Waitrose W,3597,49.19044171,-2.20092757,
cbd8f7a4-bc10-4cbb-8143-e1cf0b5cc9a8,St John Cemetery W,4342,49.24572621,-2.14272252,
cbe54046-5718-4adb-b685-c28f77eadda3,Rozel Apple Cottage,2348,49.23560362,-2.04588854,1
cc3e3f02-3496-4b05-97fa-72ea075eb439,Trinity Gardens S,3932,49.19314714,-2.10116689,1
cc490673-8686-4ed3-84ed-cbf3f7d0c68f,Chemin du Moulin N,2926,49.23302483,-2.232519,
cc7ca62b-aa09-47f0-ad48-34ead4d71321,Bel Royal Terrace,2386,49.19810932,-2.14689739,
cd028f41-94c2-4558-a4b2-430f45282ecc,Raleigh Avenue,3479,49.19286816,-2.10726195,
cd5c6331-afb7-434d-97fa-afec17fa9256,Old Trinity Hill S,3759,49.19694178,-2.09955434,
cdcb5792-082b-4ab4-96cf-95800d02e464,Rocque Bay E,3697,49.16682476,-2.06928205,
ce0bbb57-63d2-4072-b524-901f630805e5,Clos du Rivage N,2679,49.19774837,-2.0285493,
ce322b6b-6960-4c09-9f0b-61d3bc86e99e,Le Saie N,2425,49.23339688,-2.03914125,
ce3c8adf-5152-46c9-a01c-b861f56a3833,Mont de Gouray W,3456,49.19920441,-2.02644246,
ce4a8cdc-9259-42b0-99cb-4158461b0691,La Porte,2879,49.2480087,-2.12874471,
ce9e633e-6ade-4ff8-8cd9-fb1c5743886c,Rue de Carteret W,2493,49.17948634,-2.08291137,
cfa344bd-ad0d-4556-b563-8b421013e1c2,Carrefour Selous N,4354,49.22729382,-2.14548768,
d04eeb09-0365-4d2f-be47-36a222a0ab93,L'Etacquerel Fort W,4395,49.23660879,-2.06399891,
d15b3e73-b3cf-4494-a839-9fbe7db38d44,Ebenezer Chapel W,2759,49.23815519,-2.0997322,
d16bd43a-1097-47c1-97e2-642792fb9de1,St Johns Church,3764,49.24638968,-2.13909153,1
d18fe9a8-a60f-4bf6-b613-113ed889a2bd,Bus Station Stand E,4527,49.18343767,-2.11007637,
d210d9ac-b312-4187-902b-72b40390172e,Les Hinguettes,2964,49.16849036,-2.08078422,
d277c9d8-05a2-43fe-8162-a1aff9497bc0,Oaklands Lane,4356,49.20602926,-2.09763371,
d2ecb1ff-6db9-4458-8a5c-3663b197c206,Hougue des Platons E,3943,49.2457981,-2.10176426,
d38890d5-bb74-4ce3-8845-5c90223e4457,Daisy Cottage,2427,49.24297622,-2.20927741,
d3bdf39f-517b-4b54-baca-b8370b9159d4,Biarritz Hotel W,2397,49.18460869,-2.18831106,
d3c69fc1-4f43-4438-b2fc-03d5175347b8,Quennevais Drive W,2847,49.18903439,-2.20946386,
d4165409-6dde-471d-857c-ee03f0cc0d8c,Le Catillon W,2942,49.20055577,-2.05914709,
d422886c-ce59-4f2f-a461-0d49e7ecef01,Rue du Cerf W,4328,49.24180335,-2.15493598,
d44a1b77-b46c-4161-a5fc-1bca83982e05,Grouville Station N,2747,49.18651451,-2.03964063,
d46ed2ba-b64c-4950-bad6-1f469cbfc4fa,Jersey Hospice,4583,49.20076076,-2.12824814,
d4d6ba71-68af-4b3e-912c-d6feea1a184d,West View W,3978,49.23724306,-2.16817416,
d59fa4bd-e199-4f88-bdb2-22c9b8c6ea4d,Carrefour a Cendre N,3848,49.22714675,-2.18255498,
d5babad0-3764-4fd0-9bdf-58c8495f1d4d,Don Bridge,2575,49.19413078,-2.19890615,1
d6bbed8c-51c4-455a-9ff9-d312381e23be,La Mare des Pres S,4296,49.24626118,-2.11165952,
d7590a31-0b53-4c4c-959a-e79c1deaf8c1,Clos des Sables W,3236,49.18955671,-2.2064343,
d75b5aad-6b81-4d0f-b8ca-2ab957581e3e,F. C. J. School,2625,49.20023618,-2.0876469,
d785c860-8f11-43a9-8a77-54f8ae7cbb9f,Les Verrieres S,4692,49.2454507,-2.20157173,
d7b5d066-7ce1-4c2a-848a-ae7fd489e8f8,Falaise de Fremont,4283,49.25164539,-2.12216633,
d8242b9f-5324-49c2-8dc0-c40cb03b46d9,Oxenford Close N,3523,49.22298144,-2.1424133,
d8774660-e89f-438c-aae4-1be619de7680,Le Grouet Slipway,4393,49.18349398,-2.23967041,
d884a421-c238-47d5-acfa-be72fb2d2ca9,Croix au Lion N,3873,49.21755629,-2.18610757,
d89a9162-527c-47d5-b6db-f5e657605f83,Green Island W,2723,49.16364612,-2.07565059,
d8ca3293-1391-4463-b522-e6be76faea94,Ruelle de Rauvlet,4247,49.20634524,-2.11344513,
d9052d14-0c08-43dc-bc56-75c340cfa366,Plat Douet Stores,3546,49.17781966,-2.0876193,
d9ba6189-1519-45bc-8e52-29b45f3acde5,St Bernards E,3745,49.20220526,-2.05317996,
d9fd42e0-1de0-4b9e-8775-a1108fc360bd,Haute Vallee School,2757,49.19841453,-2.11505377,
da472fa4-0554-415e-8418-30e211b45830,Brooklyn Street N,3297,49.18454721,-2.0993144,
da49d286-1644-453a-ba3e-e5831942524e,La Ruche N,4262,49.21285829,-2.16934572,
da98c9a2-6921-4595-b11b-2e4d26da5809,St Peter Tech Park S,2839,49.21641016,-2.18499355,
daf0a95a-cac9-4e97-868d-9ec6c1e5962e,Millennium Court E,4375,49.17642105,-2.0926583,
db0445a8-c654-4fcc-8ae7-9460dbc13e2c,Watersplash N,3974,49.20994108,-2.22339787,
dbb9c50f-cf20-4f12-8b08-091fb2e8353b,St Clements School E,2925,49.17107607,-2.06815171,
dc7bbab1-7f14-4934-9a57-3b220760abad,Seven Oaks S,3698,49.18853004,-2.17965314,
dcf40690-9174-4c6e-a803-b2c31659ec2a,La Croix S,3432,49.23625,-2.20430546,
dcfdbb3d-0495-498b-85ee-bf825dc6dc9e,Greve d'Azette W,2735,49.16932482,-2.08477336,1
dd51e475-4a4a-4db9-8580-d89618f4526d,Le Neuf Chemin S,4572,49.23836857,-2.13912225,
dddc665d-dc21-48f6-8da4-fdcd333df469,Royal Crescent,2576,49.18228904,-2.09881199,
deea965d-95ad-44cb-98fd-2a7b9d5749ef,St Ouens Pond S,4235,49.21513314,-2.22488035,
df08cf3a-e433-485a-864f-ac10d60130e4,Hautmont Estate N,2795,49.18742768,-2.09250144,
df12dd9b-03b9-4436-abfa-4aeff2829011,Les Cabots W,2745,49.18055541,-2.06741838,
dfabf53c-c171-465d-ab94-3b71d4e0737b,Les Landes Avenue E,3234,49.18707897,-2.18646413,
e0357c30-29b7-4baa-9a40-0f9b241ca5e6,Town Mills N,3925,49.19440557,-2.09903443,
e04956a5-8420-4687-ba14-7f7bbb8daebf,Rue du Catel E,4298,49.23767059,-2.05427675,
e0712c20-03e9-4368-a4e5-cabf08a46944,Les Augerez S,3964,49.23269498,-2.18171002,
e076e6ba-9e04-482c-ad25-0f155eb7b0d9,St Brelade College E,3458,49.18808428,-2.17548088,
e15dbc38-8a4d-4b50-88fc-6be01d639e6e,Grands Vaux Court S,3576,49.19765697,-2.09557565,
e178c66e-1482-4b01-b101-1bfa199d0db7,Avalon Park E,2358,49.16410936,-2.07808478,
e2087895-f3dd-4ca6-90fd-076e31b10d30,L'Etacq,3245,49.24097515,-2.24842857,
e21f655a-0311-42a2-aa43-c3d270b6cb6f,Greenhills N,2729,49.21806483,-2.17344348,
e2adf5d0-3d60-4491-b737-7f77d082409c,Ryburn Road E,2726,49.17580672,-2.08943847,
e2d9ceb6-a5fe-4178-9028-bebe67d7ccfb,J. C. G. Coach Park,4386,49.18783662,-2.09108862,
e2f4fcc7-dbc7-444f-9cdb-b96d59a15d4f,St Martins Hall E,3787,49.21908424,-2.05346011,
e3a4f06e-0a68-4847-b699-666aaf16032b,St Peters Village N,3829,49.21304727,-2.18254877,
e3abd1c8-1fa2-45f7-9a5f-56e1247c8197,Six Roads W,3727,49.22743422,-2.14980969,
e3bdc29f-9ace-424a-bf07-7881fd9a60d9,Bus Station Stand K,4536,49.18317682,-2.10963756,
e3de8291-21e5-4f6f-b030-0416fb8c9d57,Birches Avenue E,2935,49.19615947,-2.09004214,
e4187367-e86f-4284-bc58-1eff21160c86,De la Salle College,2569,49.19068479,-2.09228219,
e47f1a6d-e769-4ca9-b0c9-9b1dc1f1278d,Bel Royal School E,3948,49.19961288,-2.14884771,
e4d058f8-a01f-4975-8b41-876e47411322,Millais,3439,49.24419866,-2.22677373,
e4ede763-2d2a-4e87-b6b0-b0d2b2605664,Champ Donne,2487,49.2373303,-2.20982476,
e50ab9df-fadc-4239-af08-0d0b3222f48a,St Ouen Garage N,3824,49.22997124,-2.20041504,
e5812b78-438e-42b0-a822-19e0d290f52b,Ryburn Avenue S,3592,49.1761149,-2.08787128,
e5a86f4d-554c-4145-8bbd-777497bffd01,Bagatelle Lane N,2362,49.18911713,-2.08926693,
e5cb2438-a91c-49b9-b14e-e143390cfd91,Jersey Post S,3282,49.18080797,-2.08122188,
e5d19c9a-c34e-4d8e-940c-8f2679e52fc7,Dunell Road,4374,49.17852553,-2.09784656,
e5d5fdf6-dc55-479e-aa03-c5041f33a515,Sandybrook N,3684,49.20240323,-2.15499086,
e5ecdb37-ce6d-483b-bbdb-8be00096a0f3,Devils Hole,2573,49.25027963,-2.16858311,
e61c6bfd-fc2a-4637-821c-6ba556444d22,St Brelades Bay E,4545,49.18563977,-2.198251,1
e63b8424-9fe7-40ee-b36c-eb1f86db020d,Royal Hotel N,4684,49.18886707,-2.10306032,
e67c9a36-f1c3-4367-bbc6-68287ea82cc0,Pot du Rocher S,4634,49.23191919,-2.0712327,
e6b56d01-a705-4752-b2fc-768f6af26e2e,Bus Station Entry,2465,49.18382536,-2.11066933,
e7040040-aa9c-42fd-9dd7-535a6bd87cf5,Rue de Mon Sejour N,2527,49.20607222,-2.09809163,
e7083cda-2c98-474b-9dad-de7745c1e506,Carrefour a Cendre S,2475,49.22739245,-2.18249441,
e767879c-3868-4f2f-ae2a-f07e5c90f051,La Chasse E,2986,49.23366143,-2.19496901,
e7cd9333-44a0-4237-9a61-353bff392c86,Route des Pelles S,3635,49.22926768,-2.0440465,
e7f70278-d513-4c53-ab5b-38327b207806,Elizabeth Terminal,2586,49.17950871,-2.1162997,
e7fb37c0-6d47-4e00-9e37-b8c36501fa1b,Rue des Buttes N,2484,49.21594443,-2.05399304,
e828bb2f-1343-43bb-98fd-9097edfc75fc,St Ouen Manor N,3825,49.22495299,-2.19558081,
e8be2bf7-1d58-4e2a-9865-821fa1be2d6d,Century Buildings,2789,49.18651317,-2.1148743,
e92073e6-50b9-492a-bf13-ede81e1eddb7,La Maitrerie Farm E,4626,49.22212362,-2.06258016,
e98338a8-9ec4-4130-a88a-eb21ae5b845c,La Neuve Route,3475,49.2192859,-2.18806445,
e9ae5959-8231-46fe-8d2c-d080a71abfcf,La Mare Slipway E,3646,49.16733181,-2.08280826,
ea2b450c-289f-41b7-8151-9da6b2bdb196,Rue de la Garenne,3494,49.21173088,-2.09705102,
ea6e8d3a-ee39-4ca5-b3b9-aec33e5bc2ef,El Tico S,2585,49.20577021,-2.22213986,
eabbbbfb-395d-4f2a-a2c3-2d14f0484b0b,Le Bourg W,2937,49.16772048,-2.04306038,1
eac291da-beee-43da-aadd-924e64c30ac2,La Chesnee Farm N,2596,49.22217049,-2.09485743,
eb38f7a7-8b34-4f08-aa76-b10dccf0460c,Rue du Catel W,4396,49.23761123,-2.0545281,
eb3e428c-9aab-4fed-b568-5d70aaee552f,St Ouens Church,3989,49.22539913,-2.20629781,
eba40b6d-499d-43a8-b2d1-c76826c41897,St Saviours School S,3529,49.19485924,-2.08279447,1
ebd7d0f2-3c85-4e02-821f-40c46db9e421,Ville de l'Eglise E,4549,49.2121854,-2.18726894,
ecdeb21d-6f36-4e66-a3a7-40734baa547a,La Cambrette,3474,49.16983465,-2.08160119,
ed5afa6c-5b5a-434d-a2c3-389dbcfdeba1,Rue des Fontaines,4349,49.21090684,-2.19196806,
eda4a34d-a22b-4eef-adcf-25323479e180,St Brelade Church E,3746,49.18499609,-2.20330832,
eea890c8-6fdb-4969-b74c-bfed7fcb8a7a,Fauvic Common N,3292,49.17822487,-2.03483212,
eede7162-0d41-42c0-ae7d-5eec79af73a2,The Old Forge W,2357,49.2401908,-2.10423223,
efa39733-a22b-44a8-b529-f81027641d95,La Ruche S,4263,49.21276861,-2.16900519,
efd5fc93-efae-4020-af71-0c6231e911bf,Clos de la Gare,4389,49.18557845,-2.21859244,1
effb99b3-fac2-4270-981f-116870493572,Brooklyn Street S,2347,49.18442225,-2.09936166,
f07492bf-8c40-45af-9efd-aa5da335ae22,Poplar Avenue S,3569,49.21064442,-2.06107508,
f150cac6-5df3-42a1-a4a0-317ac933c802,Langley Park E,3857,49.19897021,-2.09090765,
f187108d-7989-45e8-8293-37d183ffcb80,Pillar Gardens,3478,49.20163662,-2.09169564,
f239301e-5bc8-4368-a6f6-157165854a41,La Ruette S,2892,49.23545964,-2.16129278,
f30816ec-5c46-4603-bfe9-53a09e7cba5e,Minden Place,4659,49.18601231,-2.10294743,
f3164f55-cc22-49cb-9bbe-c5c2b7642e6f,La Hougue Avenue S,4249,49.20981178,-2.11276051,1
f320e879-f479-4456-9f81-0ac3f1600511,Bradford Avenue W,3527,49.18967932,-2.19658145,
f3336c06-ca22-40b6-93ac-42bc2f3c5f54,R. J. Showground S,4358,49.23186486,-2.09335996,
f349133d-ff61-449e-9552-363cef7a5596,Augres N,2989,49.21639156,-2.09602483,
f3c56e3d-1aff-49f1-bd0c-0767432a382a,Pontac Slipway E,2793,49.16938271,-2.05566692,
f3ffba38-846f-4822-9de1-4e9d9ed4dff1,Gargate S,2652,49.21485409,-2.1711308,
f4adec4e-09fa-4739-be26-056bb04f06fd,Millennium Court W,4376,49.17628586,-2.0925628,1
f4b4a901-e4ed-42a7-bd2c-4e41ea6986ce,Princess Place S,3452,49.17412107,-2.0889591,
f55a7d52-24ec-48b2-81fb-74a9e078d8ff,Belvedere Hill,2395,49.17978144,-2.09016532,
f583e367-b788-4868-a93b-ac07b0ec315f,Carrefour Selous E,2479,49.22700691,-2.14589311,
f5b177ba-903e-4d39-b26f-94abeb07b87b,Old Trinity Hill N,2546,49.1961658,-2.09976418,
f6582175-f109-4a5a-9580-21e36c5cd050,Bouley Bay,2439,49.23851119,-2.08177415,
f684f6db-edd9-4e0f-9f6e-1ead172faf07,Chemin de Herupe S,2375,49.2313734,-2.11526973,
f6931250-3bee-47dc-8429-c6c52ca51e71,Coronation Park E,3436,49.19858998,-2.13991322,1
f69ffd8d-fcf3-4a53-af7e-bd675c217311,Gorey Pier,2682,49.19973465,-2.02113563,1
f6b2d66f-d059-4b50-aace-efc082c1153a,Grouville Station S,2746,49.18639474,-2.03954556,1
f6cb211f-f7b3-40e4-83e5-d414dee68dc6,Broadfields S,2824,49.23123071,-2.15481913,
f6dbe5d1-f916-46fe-8b35-9180821fab73,La Moye School E,2869,49.18811317,-2.21509807,
f6f4043c-5022-492e-b6d0-f76dec071ae7,Ebenezer Chapel E,4295,49.23827032,-2.09993194,
f6f9a8f9-7b6f-4a6d-b35e-577e173d2038,Le Bourg E,2875,49.16786744,-2.04321916,
f7d868f6-7ded-48b1-971c-cc7698ba5797,Biarritz Hotel E,4292,49.18465362,-2.1880939,
f835b291-b174-4d0b-85df-7a78e00f570d,Westmount Park E,3762,49.18967833,-2.11448729,
f8413d8a-1f39-4522-ad46-5ab05e18504c,The Manor Lodge,4365,49.18259557,-2.07993732,
f87c0d2c-cec1-47bc-99c8-42c6b9f5b3ac,Princess Place N,3493,49.17422175,-2.08897306,
f9ab112f-a48d-4c66-8e20-47d73f868d83,Trinity Gardens N,3624,49.19353729,-2.10095836,
f9f594bd-34ea-4c2e-b03d-94504dddfcf4,Coastlands Avenue E,3732,49.17661302,-2.09228204,
fa404563-785b-4f61-9b43-6d98dd5a470a,Westmount Park W,4575,49.1895832,-2.11436771,
fa7a1503-d705-40ec-88ea-12f900a26bec,Petit Bois,3535,49.24508214,-2.21488207,
faa82b5d-d752-413a-86b2-bc2438061189,Midland Stores S,3434,49.20808096,-2.06630031,1
faf0aad4-599a-4483-a95a-a17c23663390,Pontac Common W,3563,49.16969101,-2.04808191,
faf5f16a-044a-4420-a75a-fceb8c4a1043,La Haule Slipway S,2949,49.19256427,-2.1664051,
fb227080-dd3f-42d4-9307-8e9148f233ff,aMaizin! Park S,2859,49.22285263,-2.19238955,
fb6c711b-7767-4de3-a56a-cf035780ef92,Rue de la Lourderie,3767,49.16642709,-2.03791367,
fbf3b1d0-7954-408e-9117-f88025422a58,Clos Orange N,2536,49.18701841,-2.21673171,1
fbfce992-5cb3-4587-9579-3a418e570785,The Powerhouse S,3539,49.19991661,-2.11319194,
fcc33349-206c-4089-9026-b501211260cb,Queens Valley W,3839,49.20263299,-2.04236986,
fcee8fea-2376-4f38-8cd8-d68e242d3e91,St John Cemetery E,4329,49.24568287,-2.14326475,
fd31b9b5-9436-4b19-835a-f4f987617416,College Hill,3956,49.18415475,-2.0951912,
fd5d870f-093a-43f7-bee0-bf166ed3dac1,Oakfield,4579,49.19112453,-2.09058605,
fdaa6112-32af-45c0-9319-84cbd7bae6de,Rue de la Presse,4347,49.21501036,-2.18863849,
fdaaac73-23d6-4899-8bec-cc6f1ee8fe2a,Les Verrieres N,4693,49.24550104,-2.20162723,
fdab45b1-c22b-432b-a20b-ac970baeda96,Glencoe S,3643,49.23154686,-2.14345346,
fdb8129b-46b9-49cf-a428-390a8e5d191b,Midbay W,3427,49.18527342,-2.19584235,
fe314ce7-36bf-4ce9-a043-4c2521a3a2d9,Pot du Rocher N,4635,49.23191919,-2.0712327,
fe45d3ce-fdeb-4a95-a779-6ed0d06125af,Langley Avenue S,3896,49.19652424,-2.08970925,
fe5e0d01-7c31-414b-b6c8-8d1541a2162c,Rue des Chenes,4582,49.18957659,-2.09498586,
fe8444f0-8159-4fb0-9ae5-7a798ee043a3,Archirondel N,2349,49.21030479,-2.02595178,
feede134-5b7d-40ed-b186-9b47d75ffb7a,Rue des Boulees,3648,49.21880159,-2.07637603,
ff15e467-e377-424f-9ecc-33c3fc0415fa,Troy Court S,3936,49.19625741,-2.09672319,
ff839f46-66ea-4df9-a3d0-d995d7205e56,La Croix Crescent,4237,49.18813475,-2.04137897,
ff896853-c9c6-4d23-981a-0e2d9e812b70,Castle Quay N,4648,49.18269908,-2.11471605,
ffe25d2d-79a5-45da-961c-0477f2476382,Longbeach N,2685,49.19670947,-2.03078448,
